type,raid_group_name,member_name,character_name,character_class,character_is_alt,character_inactive_at,character_note,sort_order,item_name,item_id,is_offspec,note,received_at,import_id,item_note,item_prio_note,officer_note,item_tier,item_tier_label,created_at,updated_at,instance_name,source_name
wishlist,,Leytuhwee,Leytuhwee,Druid,0,,,1,"Vanquisher's Mark of Sanctification",52025,0,,,,,,,,,"2023-10-05 01:04:20","2023-10-05 01:04:20","Icecrown Citadel N10",Lana'thel
wishlist,,Leytuhwee,Leytuhwee,Druid,0,,,1,"Vanquisher's Mark of Sanctification",52025,0,,,,,,,,,"2023-10-05 01:04:20","2023-10-05 01:04:20","Icecrown Citadel N10",Sindragosa
wishlist,,Leytuhwee,Leytuhwee,Druid,0,,,1,"Vanquisher's Mark of Sanctification",52025,0,,,,,,,,,"2023-10-05 01:04:20","2023-10-05 01:04:20","Icecrown Citadel N25",Saurfang
wishlist,,Leytuhwee,Leytuhwee,Druid,0,,,1,"Vanquisher's Mark of Sanctification",52025,0,,,,,,,,,"2023-10-05 01:04:20","2023-10-05 01:04:20","Icecrown Citadel N25",Putricide
wishlist,,Leytuhwee,Leytuhwee,Druid,0,,,1,"Vanquisher's Mark of Sanctification",52025,0,,,,,,,,,"2023-10-05 01:04:20","2023-10-05 01:04:20","Icecrown Citadel N25",Lana'thel
wishlist,,Leytuhwee,Leytuhwee,Druid,0,,,1,"Vanquisher's Mark of Sanctification",52025,0,,,,,,,,,"2023-10-05 01:04:20","2023-10-05 01:04:20","Icecrown Citadel N25",Sindragosa
wishlist,,Leytuhwee,Leytuhwee,Druid,0,,,1,"Vanquisher's Mark of Sanctification",52025,0,,,,,,,,,"2023-10-05 01:04:20","2023-10-05 01:04:20","Icecrown Citadel N25","Lich King"
wishlist,,Leytuhwee,Leytuhwee,Druid,0,,,1,"Vanquisher's Mark of Sanctification",52025,0,,,,,,,,,"2023-10-05 01:04:20","2023-10-05 01:04:20","Icecrown Citadel H10",Saurfang
wishlist,,Leytuhwee,Leytuhwee,Druid,0,,,1,"Vanquisher's Mark of Sanctification",52025,0,,,,,,,,,"2023-10-05 01:04:20","2023-10-05 01:04:20","Icecrown Citadel H10",Putricide
wishlist,,Leytuhwee,Leytuhwee,Druid,0,,,1,"Vanquisher's Mark of Sanctification",52025,0,,,,,,,,,"2023-10-05 01:04:20","2023-10-05 01:04:20","Icecrown Citadel H10",Lana'thel
wishlist,,Leytuhwee,Leytuhwee,Druid,0,,,1,"Vanquisher's Mark of Sanctification",52025,0,,,,,,,,,"2023-10-05 01:04:20","2023-10-05 01:04:20","Icecrown Citadel H10",Sindragosa
wishlist,,Leytuhwee,Leytuhwee,Druid,0,,,1,"Vanquisher's Mark of Sanctification",52025,0,,,,,,,,,"2023-10-05 01:04:20","2023-10-05 01:04:20","Icecrown Citadel H10","Lich King"
wishlist,,Leytuhwee,Leytuhwee,Druid,0,,,1,"Vanquisher's Mark of Sanctification",52025,0,,,,,,,,,"2023-10-05 01:04:20","2023-10-05 01:04:20","Icecrown Citadel H25",Saurfang
wishlist,,Leytuhwee,Leytuhwee,Druid,0,,,1,"Vanquisher's Mark of Sanctification",52025,0,,,,,,,,,"2023-10-05 01:04:20","2023-10-05 01:04:20","Icecrown Citadel H25",Putricide
wishlist,,Leytuhwee,Leytuhwee,Druid,0,,,1,"Vanquisher's Mark of Sanctification",52025,0,,,,,,,,,"2023-10-05 01:04:20","2023-10-05 01:04:20","Icecrown Citadel H25",Lana'thel
wishlist,,Leytuhwee,Leytuhwee,Druid,0,,,1,"Vanquisher's Mark of Sanctification",52025,0,,,,,,,,,"2023-10-05 01:04:20","2023-10-05 01:04:20","Icecrown Citadel H25",Sindragosa
wishlist,,Leytuhwee,Leytuhwee,Druid,0,,,1,"Vanquisher's Mark of Sanctification",52025,0,,,,,,,,,"2023-10-05 01:04:20","2023-10-05 01:04:20","Icecrown Citadel H25","Lich King"
wishlist,,Leytuhwee,Leytuhwee,Druid,0,,,2,"Vanquisher's Mark of Sanctification",52025,0,,,,,,,,,"2023-10-05 01:04:20","2023-10-05 01:04:20","Icecrown Citadel N10",Lana'thel
wishlist,,Leytuhwee,Leytuhwee,Druid,0,,,2,"Vanquisher's Mark of Sanctification",52025,0,,,,,,,,,"2023-10-05 01:04:20","2023-10-05 01:04:20","Icecrown Citadel N10",Sindragosa
wishlist,,Leytuhwee,Leytuhwee,Druid,0,,,2,"Vanquisher's Mark of Sanctification",52025,0,,,,,,,,,"2023-10-05 01:04:20","2023-10-05 01:04:20","Icecrown Citadel N25",Saurfang
wishlist,,Leytuhwee,Leytuhwee,Druid,0,,,2,"Vanquisher's Mark of Sanctification",52025,0,,,,,,,,,"2023-10-05 01:04:20","2023-10-05 01:04:20","Icecrown Citadel N25",Putricide
wishlist,,Leytuhwee,Leytuhwee,Druid,0,,,2,"Vanquisher's Mark of Sanctification",52025,0,,,,,,,,,"2023-10-05 01:04:20","2023-10-05 01:04:20","Icecrown Citadel N25",Lana'thel
wishlist,,Leytuhwee,Leytuhwee,Druid,0,,,2,"Vanquisher's Mark of Sanctification",52025,0,,,,,,,,,"2023-10-05 01:04:20","2023-10-05 01:04:20","Icecrown Citadel N25",Sindragosa
wishlist,,Leytuhwee,Leytuhwee,Druid,0,,,2,"Vanquisher's Mark of Sanctification",52025,0,,,,,,,,,"2023-10-05 01:04:20","2023-10-05 01:04:20","Icecrown Citadel N25","Lich King"
wishlist,,Leytuhwee,Leytuhwee,Druid,0,,,2,"Vanquisher's Mark of Sanctification",52025,0,,,,,,,,,"2023-10-05 01:04:20","2023-10-05 01:04:20","Icecrown Citadel H10",Saurfang
wishlist,,Leytuhwee,Leytuhwee,Druid,0,,,2,"Vanquisher's Mark of Sanctification",52025,0,,,,,,,,,"2023-10-05 01:04:20","2023-10-05 01:04:20","Icecrown Citadel H10",Putricide
wishlist,,Leytuhwee,Leytuhwee,Druid,0,,,2,"Vanquisher's Mark of Sanctification",52025,0,,,,,,,,,"2023-10-05 01:04:20","2023-10-05 01:04:20","Icecrown Citadel H10",Lana'thel
wishlist,,Leytuhwee,Leytuhwee,Druid,0,,,2,"Vanquisher's Mark of Sanctification",52025,0,,,,,,,,,"2023-10-05 01:04:20","2023-10-05 01:04:20","Icecrown Citadel H10",Sindragosa
wishlist,,Leytuhwee,Leytuhwee,Druid,0,,,2,"Vanquisher's Mark of Sanctification",52025,0,,,,,,,,,"2023-10-05 01:04:20","2023-10-05 01:04:20","Icecrown Citadel H10","Lich King"
wishlist,,Leytuhwee,Leytuhwee,Druid,0,,,2,"Vanquisher's Mark of Sanctification",52025,0,,,,,,,,,"2023-10-05 01:04:20","2023-10-05 01:04:20","Icecrown Citadel H25",Saurfang
wishlist,,Leytuhwee,Leytuhwee,Druid,0,,,2,"Vanquisher's Mark of Sanctification",52025,0,,,,,,,,,"2023-10-05 01:04:20","2023-10-05 01:04:20","Icecrown Citadel H25",Putricide
wishlist,,Leytuhwee,Leytuhwee,Druid,0,,,2,"Vanquisher's Mark of Sanctification",52025,0,,,,,,,,,"2023-10-05 01:04:20","2023-10-05 01:04:20","Icecrown Citadel H25",Lana'thel
wishlist,,Leytuhwee,Leytuhwee,Druid,0,,,2,"Vanquisher's Mark of Sanctification",52025,0,,,,,,,,,"2023-10-05 01:04:20","2023-10-05 01:04:20","Icecrown Citadel H25",Sindragosa
wishlist,,Leytuhwee,Leytuhwee,Druid,0,,,2,"Vanquisher's Mark of Sanctification",52025,0,,,,,,,,,"2023-10-05 01:04:20","2023-10-05 01:04:20","Icecrown Citadel H25","Lich King"
wishlist,,Leytuhwee,Leytuhwee,Druid,0,,,3,"Vanquisher's Mark of Sanctification",52025,0,,,,,,,,,"2023-10-05 01:04:20","2023-10-05 01:04:20","Icecrown Citadel N10",Lana'thel
wishlist,,Leytuhwee,Leytuhwee,Druid,0,,,3,"Vanquisher's Mark of Sanctification",52025,0,,,,,,,,,"2023-10-05 01:04:20","2023-10-05 01:04:20","Icecrown Citadel N10",Sindragosa
wishlist,,Leytuhwee,Leytuhwee,Druid,0,,,3,"Vanquisher's Mark of Sanctification",52025,0,,,,,,,,,"2023-10-05 01:04:20","2023-10-05 01:04:20","Icecrown Citadel N25",Saurfang
wishlist,,Leytuhwee,Leytuhwee,Druid,0,,,3,"Vanquisher's Mark of Sanctification",52025,0,,,,,,,,,"2023-10-05 01:04:20","2023-10-05 01:04:20","Icecrown Citadel N25",Putricide
wishlist,,Leytuhwee,Leytuhwee,Druid,0,,,3,"Vanquisher's Mark of Sanctification",52025,0,,,,,,,,,"2023-10-05 01:04:20","2023-10-05 01:04:20","Icecrown Citadel N25",Lana'thel
wishlist,,Leytuhwee,Leytuhwee,Druid,0,,,3,"Vanquisher's Mark of Sanctification",52025,0,,,,,,,,,"2023-10-05 01:04:20","2023-10-05 01:04:20","Icecrown Citadel N25",Sindragosa
wishlist,,Leytuhwee,Leytuhwee,Druid,0,,,3,"Vanquisher's Mark of Sanctification",52025,0,,,,,,,,,"2023-10-05 01:04:20","2023-10-05 01:04:20","Icecrown Citadel N25","Lich King"
wishlist,,Leytuhwee,Leytuhwee,Druid,0,,,3,"Vanquisher's Mark of Sanctification",52025,0,,,,,,,,,"2023-10-05 01:04:20","2023-10-05 01:04:20","Icecrown Citadel H10",Saurfang
wishlist,,Leytuhwee,Leytuhwee,Druid,0,,,3,"Vanquisher's Mark of Sanctification",52025,0,,,,,,,,,"2023-10-05 01:04:20","2023-10-05 01:04:20","Icecrown Citadel H10",Putricide
wishlist,,Leytuhwee,Leytuhwee,Druid,0,,,3,"Vanquisher's Mark of Sanctification",52025,0,,,,,,,,,"2023-10-05 01:04:20","2023-10-05 01:04:20","Icecrown Citadel H10",Lana'thel
wishlist,,Leytuhwee,Leytuhwee,Druid,0,,,3,"Vanquisher's Mark of Sanctification",52025,0,,,,,,,,,"2023-10-05 01:04:20","2023-10-05 01:04:20","Icecrown Citadel H10",Sindragosa
wishlist,,Leytuhwee,Leytuhwee,Druid,0,,,3,"Vanquisher's Mark of Sanctification",52025,0,,,,,,,,,"2023-10-05 01:04:20","2023-10-05 01:04:20","Icecrown Citadel H10","Lich King"
wishlist,,Leytuhwee,Leytuhwee,Druid,0,,,3,"Vanquisher's Mark of Sanctification",52025,0,,,,,,,,,"2023-10-05 01:04:20","2023-10-05 01:04:20","Icecrown Citadel H25",Saurfang
wishlist,,Leytuhwee,Leytuhwee,Druid,0,,,3,"Vanquisher's Mark of Sanctification",52025,0,,,,,,,,,"2023-10-05 01:04:20","2023-10-05 01:04:20","Icecrown Citadel H25",Putricide
wishlist,,Leytuhwee,Leytuhwee,Druid,0,,,3,"Vanquisher's Mark of Sanctification",52025,0,,,,,,,,,"2023-10-05 01:04:20","2023-10-05 01:04:20","Icecrown Citadel H25",Lana'thel
wishlist,,Leytuhwee,Leytuhwee,Druid,0,,,3,"Vanquisher's Mark of Sanctification",52025,0,,,,,,,,,"2023-10-05 01:04:20","2023-10-05 01:04:20","Icecrown Citadel H25",Sindragosa
wishlist,,Leytuhwee,Leytuhwee,Druid,0,,,3,"Vanquisher's Mark of Sanctification",52025,0,,,,,,,,,"2023-10-05 01:04:20","2023-10-05 01:04:20","Icecrown Citadel H25","Lich King"
wishlist,,Leytuhwee,Leytuhwee,Druid,0,,,4,"Vanquisher's Mark of Sanctification",52025,0,,,,,,,,,"2023-10-05 01:04:20","2023-10-05 01:04:20","Icecrown Citadel N10",Lana'thel
wishlist,,Leytuhwee,Leytuhwee,Druid,0,,,4,"Vanquisher's Mark of Sanctification",52025,0,,,,,,,,,"2023-10-05 01:04:20","2023-10-05 01:04:20","Icecrown Citadel N10",Sindragosa
wishlist,,Leytuhwee,Leytuhwee,Druid,0,,,4,"Vanquisher's Mark of Sanctification",52025,0,,,,,,,,,"2023-10-05 01:04:20","2023-10-05 01:04:20","Icecrown Citadel N25",Saurfang
wishlist,,Leytuhwee,Leytuhwee,Druid,0,,,4,"Vanquisher's Mark of Sanctification",52025,0,,,,,,,,,"2023-10-05 01:04:20","2023-10-05 01:04:20","Icecrown Citadel N25",Putricide
wishlist,,Leytuhwee,Leytuhwee,Druid,0,,,4,"Vanquisher's Mark of Sanctification",52025,0,,,,,,,,,"2023-10-05 01:04:20","2023-10-05 01:04:20","Icecrown Citadel N25",Lana'thel
wishlist,,Leytuhwee,Leytuhwee,Druid,0,,,4,"Vanquisher's Mark of Sanctification",52025,0,,,,,,,,,"2023-10-05 01:04:20","2023-10-05 01:04:20","Icecrown Citadel N25",Sindragosa
wishlist,,Leytuhwee,Leytuhwee,Druid,0,,,4,"Vanquisher's Mark of Sanctification",52025,0,,,,,,,,,"2023-10-05 01:04:20","2023-10-05 01:04:20","Icecrown Citadel N25","Lich King"
wishlist,,Leytuhwee,Leytuhwee,Druid,0,,,4,"Vanquisher's Mark of Sanctification",52025,0,,,,,,,,,"2023-10-05 01:04:20","2023-10-05 01:04:20","Icecrown Citadel H10",Saurfang
wishlist,,Leytuhwee,Leytuhwee,Druid,0,,,4,"Vanquisher's Mark of Sanctification",52025,0,,,,,,,,,"2023-10-05 01:04:20","2023-10-05 01:04:20","Icecrown Citadel H10",Putricide
wishlist,,Leytuhwee,Leytuhwee,Druid,0,,,4,"Vanquisher's Mark of Sanctification",52025,0,,,,,,,,,"2023-10-05 01:04:20","2023-10-05 01:04:20","Icecrown Citadel H10",Lana'thel
wishlist,,Leytuhwee,Leytuhwee,Druid,0,,,4,"Vanquisher's Mark of Sanctification",52025,0,,,,,,,,,"2023-10-05 01:04:20","2023-10-05 01:04:20","Icecrown Citadel H10",Sindragosa
wishlist,,Leytuhwee,Leytuhwee,Druid,0,,,4,"Vanquisher's Mark of Sanctification",52025,0,,,,,,,,,"2023-10-05 01:04:20","2023-10-05 01:04:20","Icecrown Citadel H10","Lich King"
wishlist,,Leytuhwee,Leytuhwee,Druid,0,,,4,"Vanquisher's Mark of Sanctification",52025,0,,,,,,,,,"2023-10-05 01:04:20","2023-10-05 01:04:20","Icecrown Citadel H25",Saurfang
wishlist,,Leytuhwee,Leytuhwee,Druid,0,,,4,"Vanquisher's Mark of Sanctification",52025,0,,,,,,,,,"2023-10-05 01:04:20","2023-10-05 01:04:20","Icecrown Citadel H25",Putricide
wishlist,,Leytuhwee,Leytuhwee,Druid,0,,,4,"Vanquisher's Mark of Sanctification",52025,0,,,,,,,,,"2023-10-05 01:04:20","2023-10-05 01:04:20","Icecrown Citadel H25",Lana'thel
wishlist,,Leytuhwee,Leytuhwee,Druid,0,,,4,"Vanquisher's Mark of Sanctification",52025,0,,,,,,,,,"2023-10-05 01:04:20","2023-10-05 01:04:20","Icecrown Citadel H25",Sindragosa
wishlist,,Leytuhwee,Leytuhwee,Druid,0,,,4,"Vanquisher's Mark of Sanctification",52025,0,,,,,,,,,"2023-10-05 01:04:20","2023-10-05 01:04:20","Icecrown Citadel H25","Lich King"
wishlist,,Leytuhwee,Leytuhwee,Druid,0,,,5,"Amulet of the Silent Eulogy",50658,0,,,,,,,,,"2023-10-05 01:04:20","2023-10-05 01:04:20","Icecrown Citadel H25",Gunship
wishlist,,Leytuhwee,Leytuhwee,Druid,0,,,6,"Frostbinder's Shredded Cape",50205,0,,,,,,,,,"2023-10-05 01:04:20","2023-10-05 01:04:20","Icecrown Citadel N25",Valithria
wishlist,,Leytuhwee,Leytuhwee,Druid,0,,,7,"Death Surgeon's Sleeves",50032,0,,,,,,,,,"2023-10-05 01:04:20","2023-10-05 01:04:20","Icecrown Citadel N25",Rotface
wishlist,,Leytuhwee,Leytuhwee,Druid,0,,,8,"Frozen Bonespike",49968,0,,,,,,,,,"2023-10-05 01:04:20","2023-10-05 01:04:20","Icecrown Citadel N25",Marrowgar
wishlist,,Leytuhwee,Leytuhwee,Druid,0,,,9,"Sundial of Eternal Dusk",50423,0,,,,,,,,,"2023-10-05 01:04:20","2023-10-05 01:04:20","Icecrown Citadel N25",Sindragosa
wishlist,,Leytuhwee,Leytuhwee,Druid,0,,,10,"Gunship Captain's Mittens",50663,0,,,,,,,,,"2023-10-05 01:04:20","2023-10-05 01:04:20","Icecrown Citadel H25",Gunship
wishlist,,Leytuhwee,Leytuhwee,Druid,0,,,11,"Lingering Illness",50063,0,,,,,,,,,"2023-10-05 01:04:20","2023-10-05 01:04:20","Icecrown Citadel N25",Festergut
wishlist,,Leytuhwee,Leytuhwee,Druid,0,,,12,"Boots of Unnatural Growth",50665,0,,,,,,,,,"2023-10-05 01:04:20","2023-10-05 01:04:20","Icecrown Citadel H25",Gunship
wishlist,,Leytuhwee,Leytuhwee,Druid,0,,,13,"Valanar's Other Signet Ring",50170,0,,,,,,,,,"2023-10-05 01:04:20","2023-10-05 01:04:20","Icecrown Citadel N25",Council
wishlist,,Leytuhwee,Leytuhwee,Druid,0,,,14,"Phylactery of the Nameless Lich",50360,0,,,,,,,,,"2023-10-05 01:04:20","2023-10-05 01:04:20","Icecrown Citadel N25",Sindragosa
wishlist,,Leytuhwee,Leytuhwee,Druid,0,,,15,"Dislodged Foreign Object",50353,0,,,,,,,,,"2023-10-05 01:04:20","2023-10-05 01:04:20","Icecrown Citadel N25",Rotface
wishlist,"Dark Rising",Avidikadivi,Avidikadivi,Warlock,0,,,1,"Sanctified Dark Coven Hood",51208,0,,,,,,,,,"2023-10-05 04:22:20","2023-10-05 04:22:20",,
wishlist,"Dark Rising",Avidikadivi,Avidikadivi,Warlock,0,,,2,"Amulet of the Silent Eulogy",50005,0,,,,,,,,,"2023-10-05 04:22:20","2023-10-05 04:22:20","Icecrown Citadel N25",Gunship
wishlist,"Dark Rising",Avidikadivi,Avidikadivi,Warlock,0,,,3,"Sanctified Dark Coven Shoulderpads",51205,0,,,,,,,,,"2023-10-05 04:22:20","2023-10-05 04:22:20",,
wishlist,"Dark Rising",Avidikadivi,Avidikadivi,Warlock,0,,,4,"Sanctified Dark Coven Robe",51206,0,,,,,,,,,"2023-10-05 04:22:20","2023-10-05 04:22:20",,
wishlist,"Dark Rising",Avidikadivi,Avidikadivi,Warlock,0,,,5,"Crushing Coldwraith Belt",49978,0,,,,,,,,,"2023-10-05 04:22:20","2023-10-05 04:22:20","Icecrown Citadel N25",Marrowgar
wishlist,"Dark Rising",Avidikadivi,Avidikadivi,Warlock,0,,,6,"Plaguebringer's Stained Pants",50056,0,,,,,,,,,"2023-10-05 04:22:20","2023-10-05 04:22:20","Icecrown Citadel N25",Festergut
wishlist,"Dark Rising",Avidikadivi,Avidikadivi,Warlock,0,,,7,"Plague Scientist's Boots",50062,0,,,,,,,,,"2023-10-05 04:22:20","2023-10-05 04:22:20","Icecrown Citadel N25",Festergut
wishlist,"Dark Rising",Avidikadivi,Avidikadivi,Warlock,0,,,8,"Ether-Soaked Bracers",51007,0,,,,,,,,,"2023-10-05 04:22:20","2023-10-05 04:22:20","Icecrown Citadel N10",Rotface
wishlist,"Dark Rising",Avidikadivi,Avidikadivi,Warlock,0,,,9,"Frostbinder's Shredded Cape",50205,0,,,,,,,,,"2023-10-05 04:22:20","2023-10-05 04:22:20","Icecrown Citadel N25",Valithria
wishlist,"Dark Rising",Avidikadivi,Avidikadivi,Warlock,0,,,10,"Sanctified Dark Coven Gloves",51209,0,,,,,,,,,"2023-10-05 04:22:20","2023-10-05 04:22:20","Vault of Archavon N25",Toravon
wishlist,"Dark Rising",Avidikadivi,Avidikadivi,Warlock,0,,,11,"Ring of Rapid Ascent",50008,0,,,,,,,,,"2023-10-05 04:22:20","2023-10-05 04:22:20","Icecrown Citadel N25",Gunship
wishlist,"Dark Rising",Avidikadivi,Avidikadivi,Warlock,0,,,12,"Ashen Band of Endless Destruction",50398,0,,,,,,,,,"2023-10-05 04:22:20","2023-10-05 04:22:20",,
wishlist,"Dark Rising",Avidikadivi,Avidikadivi,Warlock,0,,,13,"Dislodged Foreign Object",50353,0,,,,,,,,,"2023-10-05 04:22:20","2023-10-05 04:22:20","Icecrown Citadel N25",Rotface
wishlist,"Dark Rising",Avidikadivi,Avidikadivi,Warlock,0,,,14,"Phylactery of the Nameless Lich",50360,0,,,,,,,,,"2023-10-05 04:22:20","2023-10-05 04:22:20","Icecrown Citadel N25",Sindragosa
wishlist,"Dark Rising",Avidikadivi,Avidikadivi,Warlock,0,,,15,"Bloodsurge, Kel'Thuzad's Blade of Agony",50427,0,,,,,,,,,"2023-10-05 04:22:20","2023-10-05 04:22:20","Icecrown Citadel N25","Lich King"
wishlist,"Dark Rising",Avidikadivi,Avidikadivi,Warlock,0,,,16,"Shadow Silk Spindle",50719,0,,,,,,,,,"2023-10-05 04:22:20","2023-10-05 04:22:20","Icecrown Citadel H25",Council
wishlist,"Dark Rising",Avidikadivi,Avidikadivi,Warlock,0,,,17,"Corpse-Impaling Spike",50033,0,,,,,,,,,"2023-10-05 04:22:20","2023-10-05 04:22:20","Icecrown Citadel N25",Rotface
wishlist,"Dark Rising",Lichking,Berserkblade,Warrior,0,,DK,1,Shadowmourne,49623,0,,,,,,,,,"2023-10-08 20:59:46","2023-10-08 20:59:46",,
wishlist,"Dark Rising",Lichking,Berserkblade,Warrior,0,,DK,2,"Glorenzelg, High-Blade of the Silver Hand",50730,0,,,,,,,,,"2023-10-08 20:59:46","2023-10-08 20:59:46","Icecrown Citadel H25","Lich King"
wishlist,"Dark Rising",Lichking,Berserkblade,Warrior,0,,DK,3,"Glorenzelg, High-Blade of the Silver Hand",50730,0,"put 2 cuz im fury",,,,,,,,"2023-10-08 20:59:46","2023-10-08 20:59:46","Icecrown Citadel H25","Lich King"
wishlist,"Dark Rising",Lichking,Berserkblade,Warrior,0,,DK,4,"Deathbringer's Will",50363,0,,,,,,,,,"2023-10-08 20:59:46","2023-10-08 20:59:46","Icecrown Citadel H25",Saurfang
wishlist,"Dark Rising",Lichking,Berserkblade,Warrior,0,,DK,5,"Sanctified Ymirjar Lord's Helmet",51227,0,,,,,,,,,"2023-10-08 20:59:46","2023-10-08 20:59:46",,
wishlist,"Dark Rising",Lichking,Berserkblade,Warrior,0,,DK,6,"Sanctified Ymirjar Lord's Battleplate",51225,0,,,,,,,,,"2023-10-08 20:59:46","2023-10-08 20:59:46",,
wishlist,"Dark Rising",Lichking,Berserkblade,Warrior,0,,DK,7,"Sanctified Ymirjar Lord's Shoulderplates",51229,0,,,,,,,,,"2023-10-08 20:59:46","2023-10-08 20:59:46",,
wishlist,"Dark Rising",Lichking,Berserkblade,Warrior,0,,DK,8,"Vereesa's Dexterity",47545,0,,,,,,,,,"2023-10-08 20:59:46","2023-10-08 20:59:46","Trial of the Crusader H25",Anub'arak
wishlist,"Dark Rising",Lichking,Berserkblade,Warrior,0,,DK,9,"Sindragosa's Cruel Claw",50633,0,,,,,,,,,"2023-10-08 20:59:46","2023-10-08 20:59:46","Icecrown Citadel H25",Sindragosa
wishlist,"Dark Rising",Lichking,Berserkblade,Warrior,0,,DK,10,"Blood-Soaked Saronite Stompers",50639,0,,,,,,,,,"2023-10-08 20:59:46","2023-10-08 20:59:46","Icecrown Citadel H25",Deathwhisper
wishlist,"Dark Rising",Lichking,Berserkblade,Warrior,0,,DK,11,"Frostbrood Sapphire Ring",50618,0,,,,,,,,,"2023-10-08 20:59:46","2023-10-08 20:59:46","Icecrown Citadel H25",Valithria
wishlist,"Dark Rising",Lichking,Berserkblade,Warrior,0,,DK,12,"Coldwraith Links",50620,0,,,,,,,,,"2023-10-08 20:59:46","2023-10-08 20:59:46","Icecrown Citadel H25",Valithria
wishlist,"Dark Rising",Lichking,Berserkblade,Warrior,0,,DK,13,"Sanctified Ymirjar Lord's Legplates",51228,0,,,,,,,,,"2023-10-08 20:59:46","2023-10-08 20:59:46",,
wishlist,"Dark Rising",Lichking,Berserkblade,Warrior,0,,DK,14,"Whispering Fanged Skull",50343,0,,,,,,,,,"2023-10-08 20:59:46","2023-10-08 20:59:46","Icecrown Citadel H10",Deathwhisper
wishlist,"Dark Rising",Lichking,Berserkblade,Warrior,0,,DK,15,"Aldriana's Gloves of Secrecy",50675,0,,,,,,,,,"2023-10-08 20:59:46","2023-10-08 20:59:46","Icecrown Citadel H25",Rotface
wishlist,"Dark Rising",Lichking,Berserkblade,Warrior,0,,DK,16,"Toskk's Maximized Wristguards",50670,0,,,,,,,,,"2023-10-08 20:59:46","2023-10-08 20:59:46","Icecrown Citadel H25",Saurfang
wishlist,"Dark Rising",Lichking,Berserkblade,Warrior,0,,DK,17,"Might of Blight",50693,0,,,,,,,,,"2023-10-08 20:59:46","2023-10-08 20:59:46","Icecrown Citadel H25",Festergut
wishlist,"Dark Rising",paprtigrs,Charlesetta,Paladin,0,,,1,"Sanctified Lightsworn Faceguard",51266,0,,,,,,,,,"2023-10-06 19:41:24","2023-10-06 19:41:24",,
wishlist,"Dark Rising",paprtigrs,Charlesetta,Paladin,0,,,2,"Noose of Malachite",50627,0,,,,,,,,,"2023-10-06 19:41:24","2023-10-06 19:41:24","Icecrown Citadel H25",Valithria
wishlist,"Dark Rising",paprtigrs,Charlesetta,Paladin,0,,,3,"Sanctified Lightsworn Shoulderguards",51269,0,,,,,,,,,"2023-10-06 19:41:24","2023-10-06 19:41:24",,
wishlist,"Dark Rising",paprtigrs,Charlesetta,Paladin,0,,,4,"Blightborne Warplate",50681,0,,,,,,,,,"2023-10-06 19:41:24","2023-10-06 19:41:24","Icecrown Citadel H25",Rotface
wishlist,"Dark Rising",paprtigrs,Charlesetta,Paladin,0,,,5,"Belt of Broken Bones",50691,0,,,,,,,,,"2023-10-06 19:41:24","2023-10-06 19:41:24","Icecrown Citadel H25",Festergut
wishlist,"Dark Rising",paprtigrs,Charlesetta,Paladin,0,,,6,"Sanctified Lightsworn Legguards",51268,0,,,,,,,,,"2023-10-06 19:41:24","2023-10-06 19:41:24",,
wishlist,"Dark Rising",paprtigrs,Charlesetta,Paladin,0,,,7,"Grinning Skull Greatboots",50625,0,,,,,,,,,"2023-10-06 19:41:24","2023-10-06 19:41:24","Icecrown Citadel H25",Valithria
wishlist,"Dark Rising",paprtigrs,Charlesetta,Paladin,0,,,8,"Bracers of Dark Reckoning",50611,0,,,,,,,,,"2023-10-06 19:41:24","2023-10-06 19:41:24","Icecrown Citadel H25",Marrowgar
wishlist,"Dark Rising",paprtigrs,Charlesetta,Paladin,0,,,9,"Sanctified Lightsworn Handguards",51267,0,,,,,,,,,"2023-10-06 19:41:24","2023-10-06 19:41:24",,
wishlist,"Dark Rising",paprtigrs,Charlesetta,Paladin,0,,,10,"Devium's Eternally Cold Ring",50622,0,,,,,,,,,"2023-10-06 19:41:24","2023-10-06 19:41:24","Icecrown Citadel H25",Valithria
wishlist,"Dark Rising",paprtigrs,Charlesetta,Paladin,0,,,11,"Juggernaut Band",50642,0,,,,,,,,,"2023-10-06 19:41:24","2023-10-06 19:41:24","Icecrown Citadel H25",Deathwhisper
wishlist,"Dark Rising",paprtigrs,Charlesetta,Paladin,0,,,12,"Sindragosa's Flawless Fang",50364,0,,,,,,,,,"2023-10-06 19:41:24","2023-10-06 19:41:24","Icecrown Citadel H25",Sindragosa
wishlist,"Dark Rising",paprtigrs,Charlesetta,Paladin,0,,,13,"Corroded Skeleton Key",50356,0,,,,,,,,,"2023-10-06 19:41:24","2023-10-06 19:41:24",,
wishlist,"Dark Rising",paprtigrs,Charlesetta,Paladin,0,,,14,"Royal Crimson Cloak",50718,0,,,,,,,,,"2023-10-06 19:41:24","2023-10-06 19:41:24","Icecrown Citadel H25",Council
wishlist,"Dark Rising",paprtigrs,Charlesetta,Paladin,0,,,15,"Mithrios, Bronzebeard's Legacy",50738,0,,,,,,,,,"2023-10-06 19:41:24","2023-10-06 19:41:24","Icecrown Citadel H25","Lich King"
wishlist,"Dark Rising",paprtigrs,Charlesetta,Paladin,0,,,16,"Icecrown Glacial Wall",50729,0,,,,,,,,,"2023-10-06 19:41:24","2023-10-06 19:41:24","Icecrown Citadel H25",Lana'thel
wishlist,"Dark Rising",paprtigrs,Charlesetta,Paladin,0,,,17,"Libram of Valiance",47661,0,,,,,,,,,"2023-10-06 19:41:24","2023-10-06 19:41:24",,
wishlist,"Dark Rising",dlrunning1,DaDonn,Hunter,0,,,1,"Snowserpent Mail Helm",50605,0,,,,,,,,,"2023-10-09 02:04:40","2023-10-09 02:04:40","Icecrown Citadel H25",Marrowgar
wishlist,"Dark Rising",dlrunning1,DaDonn,Hunter,0,,,2,"Precious's Putrid Collar",51890,0,,,,,,,,,"2023-10-09 02:04:40","2023-10-09 02:04:40","Icecrown Citadel H10",Festergut
wishlist,"Dark Rising",dlrunning1,DaDonn,Hunter,0,,,3,"Dual-Bladed Pauldrons",50673,0,,,,,,,,,"2023-10-09 02:04:40","2023-10-09 02:04:40","Icecrown Citadel H25",Rotface
wishlist,"Dark Rising",dlrunning1,DaDonn,Hunter,0,,,4,"Carapace of Forgotten Kings",50689,0,,,,,,,,,"2023-10-09 02:04:40","2023-10-09 02:04:40","Icecrown Citadel H25",Festergut
wishlist,"Dark Rising",dlrunning1,DaDonn,Hunter,0,,,5,"Nerub'ar Stalker's Cord",50688,0,,,,,,,,,"2023-10-09 02:04:40","2023-10-09 02:04:40","Icecrown Citadel H25",Festergut
wishlist,"Dark Rising",dlrunning1,DaDonn,Hunter,0,,,6,"Gangrenous Leggings",50697,0,,,,,,,,,"2023-10-09 02:04:40","2023-10-09 02:04:40","Icecrown Citadel H25",Festergut
wishlist,"Dark Rising",dlrunning1,DaDonn,Hunter,0,,,7,"Treads of the Wasteland",50711,0,,,,,,,,,"2023-10-09 02:04:40","2023-10-09 02:04:40","Icecrown Citadel H25",Council
wishlist,"Dark Rising",dlrunning1,DaDonn,Hunter,0,,,8,"Scourge Hunter's Vambraces",50655,0,,,,,,,,,"2023-10-09 02:04:40","2023-10-09 02:04:40","Icecrown Citadel H25",Gunship
wishlist,"Dark Rising",dlrunning1,DaDonn,Hunter,0,,,9,"Sanctified Ahn'Kahar Blood Hunter's Handguards",51285,0,,,,,,,,,"2023-10-09 02:04:40","2023-10-09 02:04:40",,
wishlist,"Dark Rising",dlrunning1,DaDonn,Hunter,0,,,10,"Band of the Bone Colossus",50604,0,,,,,,,,,"2023-10-09 02:04:40","2023-10-09 02:04:40","Icecrown Citadel H25",Marrowgar
wishlist,"Dark Rising",dlrunning1,DaDonn,Hunter,0,,,11,"Ashen Band of Endless Vengeance",50402,0,,,,,,,,,"2023-10-09 02:04:40","2023-10-09 02:04:40",,
wishlist,"Dark Rising",dlrunning1,DaDonn,Hunter,0,,,12,"Maghia's Misguided Quill",50357,0,,,,,,,,,"2023-10-09 02:04:40","2023-10-09 02:04:40",,
wishlist,"Dark Rising",dlrunning1,DaDonn,Hunter,0,,,13,"Mark of Supremacy",47734,0,,,,,,,,,"2023-10-09 02:04:40","2023-10-09 02:04:40",,
wishlist,"Dark Rising",dlrunning1,DaDonn,Hunter,0,,,14,"Shadowvault Slayer's Cloak",50653,0,,,,,,,,,"2023-10-09 02:04:40","2023-10-09 02:04:40","Icecrown Citadel H25",Gunship
wishlist,"Dark Rising",dlrunning1,DaDonn,Hunter,0,,,15,"Oathbinder, Charge of the Ranger-General",50735,0,,,,,,,,,"2023-10-09 02:04:40","2023-10-09 02:04:40","Icecrown Citadel H25","Lich King"
wishlist,"Dark Rising",dlrunning1,DaDonn,Hunter,0,,,16,"Fal'inrush, Defender of Quel'thalas",50733,0,,,,,,,,,"2023-10-09 02:04:40","2023-10-09 02:04:40","Icecrown Citadel H25","Lich King"
wishlist,"Dark Rising",dlrunning1,DaReaver,Druid,0,,,1,"Geistlord's Punishment Sack",50713,0,,,,,,,,,"2023-10-09 02:12:14","2023-10-09 02:12:14","Icecrown Citadel H25",Council
wishlist,"Dark Rising",dlrunning1,DaReaver,Druid,0,,,2,"Bile-Encrusted Medallion",50682,0,,,,,,,,,"2023-10-09 02:12:14","2023-10-09 02:12:14","Icecrown Citadel H25",Rotface
wishlist,"Dark Rising",dlrunning1,DaReaver,Druid,0,,,3,"Cultist's Bloodsoaked Spaulders",50646,0,,,,,,,,,"2023-10-09 02:12:14","2023-10-09 02:12:14","Icecrown Citadel H25",Deathwhisper
wishlist,"Dark Rising",dlrunning1,DaReaver,Druid,0,,,4,"Ikfirus's Sack of Wonder",50656,0,,,,,,,,,"2023-10-09 02:12:14","2023-10-09 02:12:14","Icecrown Citadel H25",Gunship
wishlist,"Dark Rising",dlrunning1,DaReaver,Druid,0,,,5,"Astrylian's Sutured Cinch",50707,0,,,,,,,,,"2023-10-09 02:12:14","2023-10-09 02:12:14","Icecrown Citadel H25",Putricide
wishlist,"Dark Rising",dlrunning1,DaReaver,Druid,0,,,6,"Gangrenous Leggings",50697,0,,,,,,,,,"2023-10-09 02:12:14","2023-10-09 02:12:14","Icecrown Citadel H25",Festergut
wishlist,"Dark Rising",dlrunning1,DaReaver,Druid,0,,,7,"Frostbitten Fur Boots",50607,0,,,,,,,,,"2023-10-09 02:12:14","2023-10-09 02:12:14","Icecrown Citadel H25",Marrowgar
wishlist,"Dark Rising",dlrunning1,DaReaver,Druid,0,,,8,"Toskk's Maximized Wristguards",50670,0,,,,,,,,,"2023-10-09 02:12:14","2023-10-09 02:12:14","Icecrown Citadel H25",Saurfang
wishlist,"Dark Rising",dlrunning1,DaReaver,Druid,0,,,9,"Aldriana's Gloves of Secrecy",50675,0,,,,,,,,,"2023-10-09 02:12:14","2023-10-09 02:12:14","Icecrown Citadel H25",Rotface
wishlist,"Dark Rising",dlrunning1,DaReaver,Druid,0,,,10,"Devium's Eternally Cold Ring",50622,0,,,,,,,,,"2023-10-09 02:12:14","2023-10-09 02:12:14","Icecrown Citadel H25",Valithria
wishlist,"Dark Rising",dlrunning1,DaReaver,Druid,0,,,11,"Devium's Eternally Cold Ring",50185,0,,,,,,,,,"2023-10-09 02:12:14","2023-10-09 02:12:14","Icecrown Citadel N25",Valithria
wishlist,"Dark Rising",dlrunning1,DaReaver,Druid,0,,,12,"Sindragosa's Flawless Fang",50364,0,,,,,,,,,"2023-10-09 02:12:14","2023-10-09 02:12:14","Icecrown Citadel H25",Sindragosa
wishlist,"Dark Rising",dlrunning1,DaReaver,Druid,0,,,13,"Corroded Skeleton Key",50356,0,,,,,,,,,"2023-10-09 02:12:14","2023-10-09 02:12:14",,
wishlist,"Dark Rising",dlrunning1,DaReaver,Druid,0,,,14,"Royal Crimson Cloak",50718,0,,,,,,,,,"2023-10-09 02:12:14","2023-10-09 02:12:14","Icecrown Citadel H25",Council
wishlist,"Dark Rising",dlrunning1,DaReaver,Druid,0,,,15,"Oathbinder, Charge of the Ranger-General",50735,0,,,,,,,,,"2023-10-09 02:12:14","2023-10-09 02:12:14","Icecrown Citadel H25","Lich King"
wishlist,"Dark Rising",dlrunning1,DaReaver,Druid,0,,,16,"Idol of the Raven Goddess",32387,0,,,,,,,,,"2023-10-09 02:12:14","2023-10-09 02:12:14",,
wishlist,"Dark Rising",soulreaver911,Deathstrain,Warlock,0,,,1,"Sanctified Dark Coven Hood",51231,0,,,,,,,,,"2023-10-12 11:15:47","2023-10-12 11:15:47",,
wishlist,"Dark Rising",soulreaver911,Deathstrain,Warlock,0,,,2,"Amulet of the Silent Eulogy",50658,0,,,,,,,,,"2023-10-12 11:15:47","2023-10-12 11:15:47","Icecrown Citadel H25",Gunship
wishlist,"Dark Rising",soulreaver911,Deathstrain,Warlock,0,,,3,"Sanguine Silk Robes",50717,0,,,,,,,,,"2023-10-12 11:15:47","2023-10-12 11:19:47","Icecrown Citadel H25",Council
wishlist,"Dark Rising",soulreaver911,Deathstrain,Warlock,0,,,4,"Lingering Illness",50702,0,,,,,,,,,"2023-10-12 11:15:47","2023-10-12 11:19:47","Icecrown Citadel H25",Festergut
wishlist,"Dark Rising",soulreaver911,Deathstrain,Warlock,0,,,5,"Sanctified Dark Coven Leggings",51232,0,,,,,,,,,"2023-10-12 11:15:47","2023-10-12 11:19:47",,
wishlist,"Dark Rising",soulreaver911,Deathstrain,Warlock,0,,,6,"Plague Scientist's Boots",50699,0,,,,,,,,,"2023-10-12 11:15:47","2023-10-12 11:19:47","Icecrown Citadel H25",Festergut
wishlist,"Dark Rising",soulreaver911,Deathstrain,Warlock,0,,,7,"The Lady's Brittle Bracers",50651,0,,,,,,,,,"2023-10-12 11:15:47","2023-10-12 11:19:47","Icecrown Citadel H25",Deathwhisper
wishlist,"Dark Rising",soulreaver911,Deathstrain,Warlock,0,,,8,"Sanctified Dark Coven Gloves",51230,0,,,,,,,,,"2023-10-12 11:15:47","2023-10-12 11:19:47",,
wishlist,"Dark Rising",soulreaver911,Deathstrain,Warlock,0,,,9,"Memory of Malygos",50636,0,,,,,,,,,"2023-10-12 11:15:47","2023-10-12 11:19:47","Icecrown Citadel H25",Sindragosa
wishlist,"Dark Rising",soulreaver911,Deathstrain,Warlock,0,,,10,"Valanar's Other Signet Ring",50714,0,,,,,,,,,"2023-10-12 11:15:47","2023-10-12 11:19:47","Icecrown Citadel H25",Council
wishlist,"Dark Rising",soulreaver911,Deathstrain,Warlock,0,,,11,"Dislodged Foreign Object",50348,0,,,,,,,,,"2023-10-12 11:15:47","2023-10-12 11:19:47","Icecrown Citadel H25",Rotface
wishlist,"Dark Rising",soulreaver911,Deathstrain,Warlock,0,,,12,"Phylactery of the Nameless Lich",50365,0,,,,,,,,,"2023-10-12 11:15:47","2023-10-12 11:19:47","Icecrown Citadel H25",Sindragosa
wishlist,"Dark Rising",soulreaver911,Deathstrain,Warlock,0,,,13,"Greatcloak of the Turned Champion",50668,0,,,,,,,,,"2023-10-12 11:15:47","2023-10-12 11:19:47","Icecrown Citadel H25",Saurfang
wishlist,"Dark Rising",soulreaver911,Deathstrain,Warlock,0,,,14,"Archus, Greatstaff of Antonidas",50731,0,,,,,,,,,"2023-10-12 11:15:47","2023-10-12 11:19:47","Icecrown Citadel H25","Lich King"
wishlist,"Dark Rising",soulreaver911,Deathstrain,Warlock,0,,,15,"Nightmare Ender",50631,0,,,,,,,,,"2023-10-12 11:15:47","2023-10-12 11:19:47","Icecrown Citadel H25",Valithria
wishlist,"Dark Rising",soulreaver911,Deathstrain,Warlock,0,,,16,"Sanctified Dark Coven Shoulderpads",51234,0,,,,,,,,,"2023-10-12 11:19:47","2023-10-12 11:19:47",,
wishlist,"Dark Rising","The Real Flam",Flambeaü,Shaman,0,,,1,"Amulet of the Silent Eulogy",50658,0,,,,,,,,,"2023-10-04 23:56:19","2023-10-04 23:56:19","Icecrown Citadel H25",Gunship
wishlist,"Dark Rising","The Real Flam",Flambeaü,Shaman,0,,,2,"Horrific Flesh Epaulets",50698,0,,,,,,,,,"2023-10-04 23:56:19","2023-10-04 23:56:19","Icecrown Citadel H25",Festergut
wishlist,"Dark Rising","The Real Flam",Flambeaü,Shaman,0,,,3,"Sanctified Frost Witch's Helm",51237,0,,,,,,,,,"2023-10-04 23:56:19","2023-10-04 23:56:19",,
wishlist,"Dark Rising","The Real Flam",Flambeaü,Shaman,0,,,4,"Frostbinder's Shredded Cape",50628,0,,,,,,,,,"2023-10-04 23:56:19","2023-10-04 23:56:19","Icecrown Citadel H25",Valithria
wishlist,"Dark Rising","The Real Flam",Flambeaü,Shaman,0,,,5,"Sanctified Frost Witch's Hauberk",51239,0,,,,,,,,,"2023-10-04 23:56:19","2023-10-04 23:56:19",,
wishlist,"Dark Rising","The Real Flam",Flambeaü,Shaman,0,,,6,"Bloodsunder's Bracers",50687,0,,,,,,,,,"2023-10-04 23:56:19","2023-10-04 23:56:19","Icecrown Citadel H25",Rotface
wishlist,"Dark Rising","The Real Flam",Flambeaü,Shaman,0,,,7,"Sanctified Frost Witch's Gloves",51238,0,,,,,,,,,"2023-10-04 23:56:19","2023-10-04 23:56:19",,
wishlist,"Dark Rising","The Real Flam",Flambeaü,Shaman,0,,,8,"Sanctified Frost Witch's Kilt",51236,0,,,,,,,,,"2023-10-04 23:56:19","2023-10-04 23:56:19",,
wishlist,"Dark Rising","The Real Flam",Flambeaü,Shaman,0,,,9,"Ring of Rapid Ascent",50664,0,,,,,,,,,"2023-10-04 23:56:19","2023-10-04 23:56:19","Icecrown Citadel H25",Gunship
wishlist,"Dark Rising","The Real Flam",Flambeaü,Shaman,0,,,10,"Ashen Band of Endless Destruction",50398,0,,,,,,,,,"2023-10-04 23:56:19","2023-10-04 23:56:19",,
wishlist,"Dark Rising","The Real Flam",Flambeaü,Shaman,0,,,11,"Dislodged Foreign Object",50348,0,,,,,,,,,"2023-10-04 23:56:19","2023-10-04 23:56:19","Icecrown Citadel H25",Rotface
wishlist,"Dark Rising","The Real Flam",Flambeaü,Shaman,0,,,12,"Phylactery of the Nameless Lich",50365,0,,,,,,,,,"2023-10-04 23:56:19","2023-10-04 23:56:19","Icecrown Citadel H25",Sindragosa
wishlist,"Dark Rising","The Real Flam",Flambeaü,Shaman,0,,,13,"Royal Scepter of Terenas II",50734,0,,,,,,,,,"2023-10-04 23:56:19","2023-10-04 23:56:19","Icecrown Citadel H25","Lich King"
wishlist,"Dark Rising","The Real Flam",Flambeaü,Shaman,0,,,14,"Bulwark of Smouldering Steel",50616,0,,,,,,,,,"2023-10-04 23:56:19","2023-10-04 23:56:19","Icecrown Citadel H25",Marrowgar
wishlist,"Dark Rising","The Real Flam",Flambeaü,Shaman,0,,,15,"Bizuri's Totem of Shattered Ice",50458,0,,,,,,,,,"2023-10-04 23:56:19","2023-10-04 23:56:19",,
wishlist,"Dark Rising","The Real Flam",Flambeaü,Shaman,0,,,16,"Plague Scientist's Boots",50699,0,,,,,,,,,"2023-10-06 21:56:45","2023-10-06 21:56:45","Icecrown Citadel H25",Festergut
wishlist,"Dark Rising","The Real Flam",Flambeaü,Shaman,0,,,17,"Crushing Coldwraith Belt",50613,0,,,,,,,,,"2023-10-04 23:56:19","2023-10-04 23:56:19","Icecrown Citadel H25",Marrowgar
wishlist,"Dark Rising",jwu861,Homelezz,Warrior,0,,,1,"Sindragosa's Cruel Claw",50633,0,,,,,,,,,"2023-10-09 17:18:20","2023-10-09 17:18:20","Icecrown Citadel H25",Sindragosa
wishlist,"Dark Rising",jwu861,Homelezz,Warrior,0,,,2,"Shadowvault Slayer's Cloak",50653,0,,,,,,,,,"2023-10-09 16:37:57","2023-10-09 16:37:57","Icecrown Citadel H25",Gunship
wishlist,"Dark Rising",jwu861,Homelezz,Warrior,0,,,3,"Toskk's Maximized Wristguards",50670,0,,,,,,,,,"2023-10-09 16:28:41","2023-10-09 16:28:41","Icecrown Citadel H25",Saurfang
wishlist,"Dark Rising",jwu861,Homelezz,Warrior,0,,,4,"Glorenzelg, High-Blade of the Silver Hand",50070,0,,,,,,,,,"2023-10-09 16:28:41","2023-10-09 16:28:41","Icecrown Citadel N25","Lich King"
wishlist,"Dark Rising",jwu861,Homelezz,Warrior,0,,,5,"Aldriana's Gloves of Secrecy",50675,0,,,,,,,,,"2023-10-09 16:28:41","2023-10-09 16:28:41","Icecrown Citadel H25",Rotface
wishlist,"Dark Rising",jwu861,Homelezz,Warrior,0,,,6,"Coldwraith Links",50620,0,,,,,,,,,"2023-10-09 16:28:41","2023-10-09 16:28:41","Icecrown Citadel H25",Valithria
wishlist,"Dark Rising",jwu861,Homelezz,Warrior,0,,,7,"Blood-Soaked Saronite Stompers",50639,0,,,,,,,,,"2023-10-09 16:28:41","2023-10-09 16:28:41","Icecrown Citadel H25",Deathwhisper
wishlist,"Dark Rising",jwu861,Homelezz,Warrior,0,,,8,"Skeleton Lord's Circle",50657,0,,,,,,,,,"2023-10-09 16:28:41","2023-10-09 16:28:41","Icecrown Citadel H25",Gunship
wishlist,"Dark Rising",jwu861,Homelezz,Warrior,0,,,9,"Deathbringer's Will",50363,0,,,,,,,,,"2023-10-09 16:28:41","2023-10-09 16:28:41","Icecrown Citadel H25",Saurfang
wishlist,"Dark Rising",mershedperdurdur,Itsmethatguy,Priest,0,,,1,"Regalia of the Grand Conqueror",47557,0,,,,,,,,,"2023-10-05 03:40:49","2023-10-05 03:40:49","Trial of the Crusader H25",Anub'arak
wishlist,"Dark Rising",mershedperdurdur,Itsmethatguy,Priest,0,,,2,"Blood Queen's Crimson Choker",50724,0,,,,,,,,,"2023-10-10 00:51:39","2023-10-10 00:51:39","Icecrown Citadel H25",Lana'thel
wishlist,"Dark Rising",mershedperdurdur,Itsmethatguy,Priest,0,,,3,"Regalia of the Grand Conqueror",47557,0,,,,,,,,,"2023-10-05 03:40:49","2023-10-05 03:40:49","Trial of the Crusader H25",Anub'arak
wishlist,"Dark Rising",mershedperdurdur,Itsmethatguy,Priest,0,,,4,"Frostbinder's Shredded Cape",50628,0,,,,,,,,,"2023-10-10 00:51:39","2023-10-10 00:51:39","Icecrown Citadel H25",Valithria
wishlist,"Dark Rising",mershedperdurdur,Itsmethatguy,Priest,0,,,5,"Regalia of the Grand Conqueror",47557,0,,,,,,,,,"2023-10-05 03:40:49","2023-10-05 03:40:49","Trial of the Crusader H25",Anub'arak
wishlist,"Dark Rising",mershedperdurdur,Itsmethatguy,Priest,0,,,6,"The Lady's Brittle Bracers",50651,0,,,,,,,,,"2023-10-10 00:51:39","2023-10-10 00:51:39","Icecrown Citadel H25",Deathwhisper
wishlist,"Dark Rising",mershedperdurdur,Itsmethatguy,Priest,0,,,7,"Regalia of the Grand Conqueror",47557,0,,,,,,,,,"2023-10-05 03:40:49","2023-10-05 03:40:49","Trial of the Crusader H25",Anub'arak
wishlist,"Dark Rising",mershedperdurdur,Itsmethatguy,Priest,0,,,8,"Crushing Coldwraith Belt",50613,0,,,,,,,,,"2023-10-10 00:51:39","2023-10-10 00:51:39","Icecrown Citadel H25",Marrowgar
wishlist,"Dark Rising",mershedperdurdur,Itsmethatguy,Priest,0,,,9,"Plaguebringer's Stained Pants",50694,0,,,,,,,,,"2023-10-10 00:51:39","2023-10-10 00:51:39","Icecrown Citadel H25",Festergut
wishlist,"Dark Rising",mershedperdurdur,Itsmethatguy,Priest,0,,,10,"Plague Scientist's Boots",50699,0,,,,,,,,,"2023-10-10 00:51:39","2023-10-10 00:51:39","Icecrown Citadel H25",Festergut
wishlist,"Dark Rising",mershedperdurdur,Itsmethatguy,Priest,0,,,11,"Ring of Rapid Ascent",50664,0,,,,,,,,,"2023-10-10 00:51:39","2023-10-10 00:51:39","Icecrown Citadel H25",Gunship
wishlist,"Dark Rising",mershedperdurdur,Itsmethatguy,Priest,0,,,12,"Phylactery of the Nameless Lich",50365,0,,,,,,,,,"2023-10-10 00:51:39","2023-10-10 00:51:39","Icecrown Citadel H25",Sindragosa
wishlist,"Dark Rising",mershedperdurdur,Itsmethatguy,Priest,0,,,13,"Dislodged Foreign Object",50348,0,,,,,,,,,"2023-10-10 00:51:39","2023-10-10 00:51:39","Icecrown Citadel H25",Rotface
wishlist,"Dark Rising",mershedperdurdur,Itsmethatguy,Priest,0,,,14,"Royal Scepter of Terenas II",50428,0,,,,,,,,,"2023-10-05 03:40:49","2023-10-05 03:40:49","Icecrown Citadel N25","Lich King"
wishlist,"Dark Rising",mershedperdurdur,Itsmethatguy,Priest,0,,,15,"Shadow Silk Spindle",50719,0,,,,,,,,,"2023-10-10 00:51:39","2023-10-10 00:51:39","Icecrown Citadel H25",Council
wishlist,"Dark Rising",mershedperdurdur,Itsmethatguy,Priest,0,,,16,"Corpse-Impaling Spike",50684,0,,,,,,,,,"2023-10-10 00:51:39","2023-10-10 00:51:39","Icecrown Citadel H25",Rotface
wishlist,"Dark Rising",kabèn,Kabèn,Druid,0,,"ICC 25m Normal {excluding Lich King). When we get to Lich, will want to upgrade staff to Archus Greatstaff",1,Nibelung,49992,0,,,,,,,,,"2023-10-05 03:36:45","2023-10-05 03:36:45","Icecrown Citadel N25",Deathwhisper
wishlist,"Dark Rising",kabèn,Kabèn,Druid,0,,"ICC 25m Normal {excluding Lich King). When we get to Lich, will want to upgrade staff to Archus Greatstaff",2,"Sanctified Lasherweave Cover",51149,0,,,,,,,,,"2023-10-05 03:36:45","2023-10-05 03:36:45",,
wishlist,"Dark Rising",kabèn,Kabèn,Druid,0,,"ICC 25m Normal {excluding Lich King). When we get to Lich, will want to upgrade staff to Archus Greatstaff",3,"Sanctified Lasherweave Gloves",51148,0,,,,,,,,,"2023-10-05 03:36:45","2023-10-05 03:36:45","Vault of Archavon N25",Toravon
wishlist,"Dark Rising",kabèn,Kabèn,Druid,0,,"ICC 25m Normal {excluding Lich King). When we get to Lich, will want to upgrade staff to Archus Greatstaff",4,"Sanctified Lasherweave Vestment",51145,0,,,,,,,,,"2023-10-05 03:36:45","2023-10-05 03:36:45",,
wishlist,"Dark Rising",kabèn,Kabèn,Druid,0,,"ICC 25m Normal {excluding Lich King). When we get to Lich, will want to upgrade staff to Archus Greatstaff",5,"Sanctified Lasherweave Mantle",51147,0,,,,,,,,,"2023-10-05 03:36:45","2023-10-05 03:36:45",,
wishlist,"Dark Rising",kabèn,Kabèn,Druid,0,,"ICC 25m Normal {excluding Lich King). When we get to Lich, will want to upgrade staff to Archus Greatstaff",6,"Blood Queen's Crimson Choker",50182,0,,,,,,,,,"2023-10-05 03:36:45","2023-10-05 03:36:45","Icecrown Citadel N25",Lana'thel
wishlist,"Dark Rising",kabèn,Kabèn,Druid,0,,"ICC 25m Normal {excluding Lich King). When we get to Lich, will want to upgrade staff to Archus Greatstaff",7,"Greatcloak of the Turned Champion",50014,0,,,,,,,,,"2023-10-05 03:36:45","2023-10-05 03:36:45","Icecrown Citadel N25",Saurfang
wishlist,"Dark Rising",kabèn,Kabèn,Druid,0,,"ICC 25m Normal {excluding Lich King). When we get to Lich, will want to upgrade staff to Archus Greatstaff",8,"The Lady's Brittle Bracers",49994,0,,,,,,,,,"2023-10-05 03:36:45","2023-10-05 03:36:45","Icecrown Citadel N25",Deathwhisper
wishlist,"Dark Rising",kabèn,Kabèn,Druid,0,,"ICC 25m Normal {excluding Lich King). When we get to Lich, will want to upgrade staff to Archus Greatstaff",9,"Crushing Coldwraith Belt",49978,0,,,,,,,,,"2023-10-05 03:36:45","2023-10-05 03:36:45","Icecrown Citadel N25",Marrowgar
wishlist,"Dark Rising",kabèn,Kabèn,Druid,0,,"ICC 25m Normal {excluding Lich King). When we get to Lich, will want to upgrade staff to Archus Greatstaff",10,"Plaguebringer's Stained Pants",50056,0,,,,,,,,,"2023-10-05 03:36:45","2023-10-05 03:36:45","Icecrown Citadel N25",Festergut
wishlist,"Dark Rising",kabèn,Kabèn,Druid,0,,"ICC 25m Normal {excluding Lich King). When we get to Lich, will want to upgrade staff to Archus Greatstaff",11,"Plague Scientist's Boots",50062,0,,,,,,,,,"2023-10-05 03:36:45","2023-10-05 03:36:45","Icecrown Citadel N25",Festergut
wishlist,"Dark Rising",kabèn,Kabèn,Druid,0,,"ICC 25m Normal {excluding Lich King). When we get to Lich, will want to upgrade staff to Archus Greatstaff",12,"Ring of Rapid Ascent",50008,0,,,,,,,,,"2023-10-05 03:36:45","2023-10-05 03:36:45","Icecrown Citadel N25",Gunship
wishlist,"Dark Rising",kabèn,Kabèn,Druid,0,,"ICC 25m Normal {excluding Lich King). When we get to Lich, will want to upgrade staff to Archus Greatstaff",13,"Valanar's Other Signet Ring",50170,0,,,,,,,,,"2023-10-05 03:36:45","2023-10-05 03:36:45","Icecrown Citadel N25",Council
wishlist,"Dark Rising",kabèn,Kabèn,Druid,0,,"ICC 25m Normal {excluding Lich King). When we get to Lich, will want to upgrade staff to Archus Greatstaff",14,"Dislodged Foreign Object",50353,0,,,,,,,,,"2023-10-05 03:36:45","2023-10-05 03:36:45","Icecrown Citadel N25",Rotface
wishlist,"Dark Rising",kabèn,Kabèn,Druid,0,,"ICC 25m Normal {excluding Lich King). When we get to Lich, will want to upgrade staff to Archus Greatstaff",15,"Phylactery of the Nameless Lich",50360,0,,,,,,,,,"2023-10-05 03:48:08","2023-10-05 03:48:08","Icecrown Citadel N25",Sindragosa
wishlist,"Dark Rising",Kill,Killorheals,Shaman,0,,,1,"Sanctified Frost Witch's Headpiece",51247,0,,,,,,,,,"2023-10-06 21:47:18","2023-10-06 21:47:18",,
wishlist,"Dark Rising",Kill,Killorheals,Shaman,0,,,2,"Blood Queen's Crimson Choker",50724,0,,,,,,,,,"2023-10-06 21:47:18","2023-10-06 21:47:18","Icecrown Citadel H25",Lana'thel
wishlist,"Dark Rising",Kill,Killorheals,Shaman,0,,,3,"Sanctified Frost Witch's Spaulders",51245,0,,,,,,,,,"2023-10-06 21:47:18","2023-10-06 21:47:18",,
wishlist,"Dark Rising",Kill,Killorheals,Shaman,0,,,4,"Sanctified Frost Witch's Tunic",51249,0,,,,,,,,,"2023-10-06 21:47:18","2023-10-06 21:47:18",,
wishlist,"Dark Rising",Kill,Killorheals,Shaman,0,,,5,"Belt of the Blood Nova",50671,0,,,,,,,,,"2023-10-06 21:47:18","2023-10-06 21:47:18","Icecrown Citadel H25",Saurfang
wishlist,"Dark Rising",Kill,Killorheals,Shaman,0,,,6,"Sanctified Frost Witch's Legguards",51246,0,,,,,,,,,"2023-10-06 21:47:18","2023-10-06 21:47:18",,
wishlist,"Dark Rising",Kill,Killorheals,Shaman,0,,,7,"Plague Scientist's Boots",50699,0,,,,,,,,,"2023-10-06 21:47:18","2023-10-06 21:47:18","Icecrown Citadel H25",Festergut
wishlist,"Dark Rising",Kill,Killorheals,Shaman,0,,,8,"Bloodsunder's Bracers",50687,0,,,,,,,,,"2023-10-06 21:47:18","2023-10-06 21:47:18","Icecrown Citadel H25",Rotface
wishlist,"Dark Rising",Kill,Killorheals,Shaman,0,,,9,"Unclean Surgical Gloves",50703,0,,,,,,,,,"2023-10-06 21:47:18","2023-10-06 21:47:18","Icecrown Citadel H25",Festergut
wishlist,"Dark Rising",Kill,Killorheals,Shaman,0,,,10,"Ashen Band of Endless Wisdom",50400,0,,,,,,,,,"2023-10-06 21:47:18","2023-10-06 21:47:18",,
wishlist,"Dark Rising",Kill,Killorheals,Shaman,0,,,11,"Ring of Rapid Ascent",50664,0,,,,,,,,,"2023-10-06 21:47:18","2023-10-06 21:47:18","Icecrown Citadel H25",Gunship
wishlist,"Dark Rising",Kill,Killorheals,Shaman,0,,,12,"Solace of the Defeated",47059,0,,"2023-10-06 21:47:45",,,,,,,"2023-10-06 21:47:18","2023-10-06 21:47:45","Trial of the Crusader H25",Jaraxxus
wishlist,"Dark Rising",Kill,Killorheals,Shaman,0,,,13,"Althor's Abacus",50366,0,,,,,,,,,"2023-10-06 21:47:18","2023-10-06 21:47:18","Icecrown Citadel H25",Gunship
wishlist,"Dark Rising",Kill,Killorheals,Shaman,0,,,14,"Frostbinder's Shredded Cape",50628,0,,,,,,,,,"2023-10-06 21:47:18","2023-10-06 21:47:18","Icecrown Citadel H25",Valithria
wishlist,"Dark Rising",Kill,Killorheals,Shaman,0,,,15,"Val'anyr, Hammer of Ancient Kings",46017,0,,"2023-10-06 21:47:18",,,,,,,"2023-10-06 21:47:18","2023-10-06 21:47:18",,
wishlist,"Dark Rising",Kill,Killorheals,Shaman,0,,,16,"Bulwark of Smouldering Steel",50616,0,,,,,,,,,"2023-10-06 21:47:18","2023-10-06 21:47:18","Icecrown Citadel H25",Marrowgar
wishlist,"Dark Rising",Kill,Killorheals,Shaman,0,,,17,"Totem of Calming Tides",47665,0,,"2023-10-06 21:47:18",,,,,,,"2023-10-06 21:47:18","2023-10-06 21:47:18",,
wishlist,"Dark Rising",Mindredre,Milden,Paladin,0,,,1,"Sanctified Lightsworn Headpiece",51272,0,,,,,,,,,"2023-10-08 22:49:44","2023-10-08 22:49:44",,
wishlist,"Dark Rising",Mindredre,Milden,Paladin,0,,,2,"Blood Queen's Crimson Choker",50724,0,,,,,,,,,"2023-10-08 22:49:44","2023-10-08 22:49:44","Icecrown Citadel H25",Lana'thel
wishlist,"Dark Rising",Mindredre,Milden,Paladin,0,,,3,"Sanctified Lightsworn Spaulders",51273,0,,,,,,,,,"2023-10-08 22:49:44","2023-10-08 22:49:44",,
wishlist,"Dark Rising",Mindredre,Milden,Paladin,0,,,4,"Rot-Resistant Breastplate",50680,0,,,,,,,,,"2023-10-08 22:49:44","2023-10-08 22:49:44","Icecrown Citadel H25",Rotface
wishlist,"Dark Rising",Mindredre,Milden,Paladin,0,,,5,"Belt of the Blood Nova",50671,0,,,,,,,,,"2023-10-08 22:49:44","2023-10-08 22:49:44","Icecrown Citadel H25",Saurfang
wishlist,"Dark Rising",Mindredre,Milden,Paladin,0,,,6,"Leggings of Woven Death",49891,0,,,,,,,,,"2023-10-08 22:49:44","2023-10-08 22:49:44",,
wishlist,"Dark Rising",Mindredre,Milden,Paladin,0,,,7,"Boots of the Frozen Seed",51920,0,,,,,,,,,"2023-10-08 22:49:44","2023-10-08 22:49:44","Icecrown Citadel H10",Deathwhisper
wishlist,"Dark Rising",Mindredre,Milden,Paladin,0,,,8,"Crypt Keeper's Bracers",50721,0,,,,,,,,,"2023-10-08 22:49:44","2023-10-08 22:49:44","Icecrown Citadel H25",Council
wishlist,"Dark Rising",Mindredre,Milden,Paladin,0,,,9,"Fallen Lord's Handguards",50650,0,,,,,,,,,"2023-10-08 22:49:44","2023-10-08 22:49:44","Icecrown Citadel H25",Deathwhisper
wishlist,"Dark Rising",Mindredre,Milden,Paladin,0,,,10,"Ashen Band of Endless Wisdom",50400,0,,,,,,,,,"2023-10-08 22:49:44","2023-10-08 22:49:44",,
wishlist,"Dark Rising",Mindredre,Milden,Paladin,0,,,11,"Marrowgar's Frigid Eye",50610,0,,,,,,,,,"2023-10-08 22:49:44","2023-10-08 22:49:44","Icecrown Citadel H25",Marrowgar
wishlist,"Dark Rising",Mindredre,Milden,Paladin,0,,,12,"Meteorite Crystal",46051,0,,,,,,,,,"2023-10-08 22:49:44","2023-10-08 22:49:44","Ulduar N10",Algalon
wishlist,"Dark Rising",Mindredre,Milden,Paladin,0,,,13,"Soul Preserver",37111,0,,,,,,,,,"2023-10-08 22:49:44","2023-10-08 22:49:44",,
wishlist,"Dark Rising",Mindredre,Milden,Paladin,0,,,14,"Frostbinder's Shredded Cape",50628,0,,,,,,,,,"2023-10-08 22:49:44","2023-10-08 22:49:44","Icecrown Citadel H25",Valithria
wishlist,"Dark Rising",Mindredre,Milden,Paladin,0,,,15,"Royal Scepter of Terenas II",50734,0,,,,,,,,,"2023-10-08 22:49:44","2023-10-08 22:49:44","Icecrown Citadel H25","Lich King"
wishlist,"Dark Rising",Mindredre,Milden,Paladin,0,,,16,"Bulwark of Smouldering Steel",50616,0,,,,,,,,,"2023-10-08 22:49:44","2023-10-08 22:49:44","Icecrown Citadel H25",Marrowgar
wishlist,"Dark Rising",Mindredre,Milden,Paladin,0,,,17,"Libram of Renewal",40705,0,,,,,,,,,"2023-10-08 22:49:44","2023-10-08 22:49:44",,
wishlist,"Dark Rising",1337pondskum,Puddleskum,Mage,0,,,1,Nibelung,50648,0,,,,,,,,,"2023-10-09 14:44:50","2023-10-09 14:44:50","Icecrown Citadel H25",Deathwhisper
wishlist,"Dark Rising",1337pondskum,Puddleskum,Mage,0,,,2,"Bloodsurge, Kel'Thuzad's Blade of Agony",50427,0,,,,,,,,,"2023-10-01 01:51:41","2023-10-09 14:44:50","Icecrown Citadel N25","Lich King"
wishlist,"Dark Rising",1337pondskum,Puddleskum,Mage,0,,,3,Rigormortis,50068,0,,,,,,,,,"2023-10-01 01:51:41","2023-10-09 14:44:50","Icecrown Citadel N25",Putricide
wishlist,"Dark Rising",1337pondskum,Puddleskum,Mage,0,,,4,"Corpse-Impaling Spike",50033,0,,,,,,,,,"2023-10-01 01:45:18","2023-10-09 14:44:50","Icecrown Citadel N25",Rotface
wishlist,"Dark Rising",1337pondskum,Puddleskum,Mage,0,,,5,"Shadow Silk Spindle",50719,0,,,,,,,,,"2023-10-09 14:39:16","2023-10-09 14:44:50","Icecrown Citadel H25",Council
wishlist,"Dark Rising",1337pondskum,Puddleskum,Mage,0,,,6,"Ring of Rapid Ascent",50664,0,,,,,,,,,"2023-10-09 14:39:16","2023-10-09 14:44:50","Icecrown Citadel H25",Gunship
wishlist,"Dark Rising",1337pondskum,Puddleskum,Mage,0,,,7,"Loop of the Endless Labyrinth",50614,0,,,,,,,,,"2023-10-09 14:39:16","2023-10-09 14:44:50","Icecrown Citadel H25",Marrowgar
wishlist,"Dark Rising",1337pondskum,Puddleskum,Mage,0,,,8,"Ashen Band of Endless Courage",50404,0,,,,,,,,,"2023-10-09 14:39:16","2023-10-09 14:44:50",,
wishlist,"Dark Rising",1337pondskum,Puddleskum,Mage,0,,,9,"Dislodged Foreign Object",50348,0,,,,,,,,,"2023-10-09 14:39:16","2023-10-09 14:44:50","Icecrown Citadel H25",Rotface
wishlist,"Dark Rising",1337pondskum,Puddleskum,Mage,0,,,10,"Phylactery of the Nameless Lich",50360,0,,,,,,,,,"2023-10-01 01:51:41","2023-10-09 14:44:50","Icecrown Citadel N25",Sindragosa
wishlist,"Dark Rising",1337pondskum,Puddleskum,Mage,0,,,11,"Blood Queen's Crimson Choker",50724,0,,,,,,,,,"2023-10-09 14:39:16","2023-10-09 14:44:50","Icecrown Citadel H25",Lana'thel
wishlist,"Dark Rising",1337pondskum,Puddleskum,Mage,0,,,12,"Crushing Coldwraith Belt",49978,0,,,,,,,,,"2023-10-01 01:45:18","2023-10-09 14:54:34","Icecrown Citadel N25",Marrowgar
wishlist,"Dark Rising",1337pondskum,Puddleskum,Mage,0,,,13,"Robe of the Waking Nightmare",50629,0,"off piece with 4 set",,,,,,,,"2023-10-09 14:39:16","2023-10-09 14:54:34","Icecrown Citadel H25",Valithria
wishlist,"Dark Rising",1337pondskum,Puddleskum,Mage,0,,,14,"Gunship Captain's Mittens",50663,0,"off piece with 4 set",,,,,,,,"2023-10-09 14:52:44","2023-10-09 14:54:34","Icecrown Citadel H25",Gunship
wishlist,"Dark Rising",1337pondskum,Puddleskum,Mage,0,,,15,"Plague Scientist's Boots",50699,0,,,,,,,,,"2023-10-09 14:39:16","2023-10-09 14:54:34","Icecrown Citadel H25",Festergut
wishlist,"Dark Rising",1337pondskum,Puddleskum,Mage,0,,,16,"Death Surgeon's Sleeves",50686,0,,,,,,,,,"2023-10-09 14:39:16","2023-10-09 14:54:34","Icecrown Citadel H25",Rotface
wishlist,"Dark Rising",1337pondskum,Puddleskum,Mage,0,,,17,"Frostbinder's Shredded Cape",50628,0,,,,,,,,,"2023-10-09 14:39:16","2023-10-09 14:54:34","Icecrown Citadel H25",Valithria
wishlist,"Dark Rising",1337pondskum,Puddleskum,Mage,0,,,18,"Vanquisher's Mark of Sanctification",52025,0,"Most busted 4 set ever",,,,,,,,"2023-10-09 14:39:16","2023-10-09 14:54:34","Icecrown Citadel N10",Lana'thel
wishlist,"Dark Rising",1337pondskum,Puddleskum,Mage,0,,,18,"Vanquisher's Mark of Sanctification",52025,0,"Most busted 4 set ever",,,,,,,,"2023-10-09 14:39:16","2023-10-09 14:54:34","Icecrown Citadel N10",Sindragosa
wishlist,"Dark Rising",1337pondskum,Puddleskum,Mage,0,,,18,"Vanquisher's Mark of Sanctification",52025,0,"Most busted 4 set ever",,,,,,,,"2023-10-09 14:39:16","2023-10-09 14:54:34","Icecrown Citadel N25",Saurfang
wishlist,"Dark Rising",1337pondskum,Puddleskum,Mage,0,,,18,"Vanquisher's Mark of Sanctification",52025,0,"Most busted 4 set ever",,,,,,,,"2023-10-09 14:39:16","2023-10-09 14:54:34","Icecrown Citadel N25",Putricide
wishlist,"Dark Rising",1337pondskum,Puddleskum,Mage,0,,,18,"Vanquisher's Mark of Sanctification",52025,0,"Most busted 4 set ever",,,,,,,,"2023-10-09 14:39:16","2023-10-09 14:54:34","Icecrown Citadel N25",Lana'thel
wishlist,"Dark Rising",1337pondskum,Puddleskum,Mage,0,,,18,"Vanquisher's Mark of Sanctification",52025,0,"Most busted 4 set ever",,,,,,,,"2023-10-09 14:39:16","2023-10-09 14:54:34","Icecrown Citadel N25",Sindragosa
wishlist,"Dark Rising",1337pondskum,Puddleskum,Mage,0,,,18,"Vanquisher's Mark of Sanctification",52025,0,"Most busted 4 set ever",,,,,,,,"2023-10-09 14:39:16","2023-10-09 14:54:34","Icecrown Citadel N25","Lich King"
wishlist,"Dark Rising",1337pondskum,Puddleskum,Mage,0,,,18,"Vanquisher's Mark of Sanctification",52025,0,"Most busted 4 set ever",,,,,,,,"2023-10-09 14:39:16","2023-10-09 14:54:34","Icecrown Citadel H10",Saurfang
wishlist,"Dark Rising",1337pondskum,Puddleskum,Mage,0,,,18,"Vanquisher's Mark of Sanctification",52025,0,"Most busted 4 set ever",,,,,,,,"2023-10-09 14:39:16","2023-10-09 14:54:34","Icecrown Citadel H10",Putricide
wishlist,"Dark Rising",1337pondskum,Puddleskum,Mage,0,,,18,"Vanquisher's Mark of Sanctification",52025,0,"Most busted 4 set ever",,,,,,,,"2023-10-09 14:39:16","2023-10-09 14:54:34","Icecrown Citadel H10",Lana'thel
wishlist,"Dark Rising",1337pondskum,Puddleskum,Mage,0,,,18,"Vanquisher's Mark of Sanctification",52025,0,"Most busted 4 set ever",,,,,,,,"2023-10-09 14:39:16","2023-10-09 14:54:34","Icecrown Citadel H10",Sindragosa
wishlist,"Dark Rising",1337pondskum,Puddleskum,Mage,0,,,18,"Vanquisher's Mark of Sanctification",52025,0,"Most busted 4 set ever",,,,,,,,"2023-10-09 14:39:16","2023-10-09 14:54:34","Icecrown Citadel H10","Lich King"
wishlist,"Dark Rising",1337pondskum,Puddleskum,Mage,0,,,18,"Vanquisher's Mark of Sanctification",52025,0,"Most busted 4 set ever",,,,,,,,"2023-10-09 14:39:16","2023-10-09 14:54:34","Icecrown Citadel H25",Saurfang
wishlist,"Dark Rising",1337pondskum,Puddleskum,Mage,0,,,18,"Vanquisher's Mark of Sanctification",52025,0,"Most busted 4 set ever",,,,,,,,"2023-10-09 14:39:16","2023-10-09 14:54:34","Icecrown Citadel H25",Putricide
wishlist,"Dark Rising",1337pondskum,Puddleskum,Mage,0,,,18,"Vanquisher's Mark of Sanctification",52025,0,"Most busted 4 set ever",,,,,,,,"2023-10-09 14:39:16","2023-10-09 14:54:34","Icecrown Citadel H25",Lana'thel
wishlist,"Dark Rising",1337pondskum,Puddleskum,Mage,0,,,18,"Vanquisher's Mark of Sanctification",52025,0,"Most busted 4 set ever",,,,,,,,"2023-10-09 14:39:16","2023-10-09 14:54:34","Icecrown Citadel H25",Sindragosa
wishlist,"Dark Rising",1337pondskum,Puddleskum,Mage,0,,,18,"Vanquisher's Mark of Sanctification",52025,0,"Most busted 4 set ever",,,,,,,,"2023-10-09 14:39:16","2023-10-09 14:54:34","Icecrown Citadel H25","Lich King"
wishlist,"Dark Rising",Shetinge,Shetknight,"Death Knight",0,,,1,"Sanctified Scourgelord Faceguard",51306,0,,,,,,,,,"2023-10-08 20:41:25","2023-10-08 20:41:25",,
wishlist,"Dark Rising",Shetinge,Shetknight,"Death Knight",0,,,2,"Noose of Malachite",50627,0,,,,,,,,,"2023-10-08 20:41:25","2023-10-08 20:41:25","Icecrown Citadel H25",Valithria
wishlist,"Dark Rising",Shetinge,Shetknight,"Death Knight",0,,,3,"Sanctified Scourgelord Pauldrons",51309,0,,,,,,,,,"2023-10-08 20:41:25","2023-10-08 20:41:25",,
wishlist,"Dark Rising",Shetinge,Shetknight,"Death Knight",0,,,4,"Sanctified Scourgelord Chestguard",51305,0,,,,,,,,,"2023-10-08 20:41:25","2023-10-08 20:41:25",,
wishlist,"Dark Rising",Shetinge,Shetknight,"Death Knight",0,,,5,"Ironrope Belt of Ymirjar",51831,0,,,,,,,,,"2023-10-08 20:41:25","2023-10-08 20:41:25","Icecrown Citadel H10",Valithria
wishlist,"Dark Rising",Shetinge,Shetknight,"Death Knight",0,,,6,"Legguards of Lost Hope",50612,0,,,,,,,,,"2023-10-08 20:41:25","2023-10-08 20:41:25","Icecrown Citadel H25",Marrowgar
wishlist,"Dark Rising",Shetinge,Shetknight,"Death Knight",0,,,7,"Grinning Skull Greatboots",50625,0,,,,,,,,,"2023-10-08 20:41:25","2023-10-08 20:41:25","Icecrown Citadel H25",Valithria
wishlist,"Dark Rising",Shetinge,Shetknight,"Death Knight",0,,,8,"Bracers of Dark Reckoning",50611,0,,,,,,,,,"2023-10-08 20:41:25","2023-10-08 20:41:25","Icecrown Citadel H25",Marrowgar
wishlist,"Dark Rising",Shetinge,Shetknight,"Death Knight",0,,,9,"Sanctified Scourgelord Handguards",51307,0,,,,,,,,,"2023-10-08 20:41:25","2023-10-08 20:41:25",,
wishlist,"Dark Rising",Shetinge,Shetknight,"Death Knight",0,,,10,"Juggernaut Band",50642,0,,,,,,,,,"2023-10-08 20:41:25","2023-10-08 20:41:25","Icecrown Citadel H25",Deathwhisper
wishlist,"Dark Rising",Shetinge,Shetknight,"Death Knight",0,,,11,"Devium's Eternally Cold Ring",50622,0,,,,,,,,,"2023-10-08 20:41:25","2023-10-08 20:41:25","Icecrown Citadel H25",Valithria
wishlist,"Dark Rising",Shetinge,Shetknight,"Death Knight",0,,,12,"Sindragosa's Flawless Fang",50364,0,,,,,,,,,"2023-10-08 20:41:25","2023-10-08 20:41:25","Icecrown Citadel H25",Sindragosa
wishlist,"Dark Rising",Shetinge,Shetknight,"Death Knight",0,,,13,"Royal Crimson Cloak",50718,0,,,,,,,,,"2023-10-08 20:41:25","2023-10-08 20:41:25","Icecrown Citadel H25",Council
wishlist,"Dark Rising",Shetinge,Shetknight,"Death Knight",0,,,14,"Glorenzelg, High-Blade of the Silver Hand",50730,0,,,,,,,,,"2023-10-08 20:41:25","2023-10-08 20:41:25","Icecrown Citadel H25","Lich King"
wishlist,"Dark Rising",Sithantilus,Skippitypaps,"Death Knight",0,,,1,"Winding Sheet",50677,0,,,,,,,,,"2023-10-10 13:44:08","2023-10-10 13:44:08","Icecrown Citadel H25",Rotface
wishlist,"Dark Rising",Sithantilus,Skippitypaps,"Death Knight",0,,,2,"Vanquisher's Mark of Sanctification",52028,0,,,,,,,,,"2023-10-10 13:44:08","2023-10-10 13:44:08","Icecrown Citadel H25",Saurfang
wishlist,"Dark Rising",Sithantilus,Skippitypaps,"Death Knight",0,,,2,"Vanquisher's Mark of Sanctification",52028,0,,,,,,,,,"2023-10-10 13:44:08","2023-10-10 13:44:08","Icecrown Citadel H25",Putricide
wishlist,"Dark Rising",Sithantilus,Skippitypaps,"Death Knight",0,,,2,"Vanquisher's Mark of Sanctification",52028,0,,,,,,,,,"2023-10-10 13:44:08","2023-10-10 13:44:08","Icecrown Citadel H25",Lana'thel
wishlist,"Dark Rising",Sithantilus,Skippitypaps,"Death Knight",0,,,2,"Vanquisher's Mark of Sanctification",52028,0,,,,,,,,,"2023-10-10 13:44:08","2023-10-10 13:44:08","Icecrown Citadel H25",Sindragosa
wishlist,"Dark Rising",Sithantilus,Skippitypaps,"Death Knight",0,,,2,"Vanquisher's Mark of Sanctification",52028,0,,,,,,,,,"2023-10-10 13:44:08","2023-10-10 13:44:08","Icecrown Citadel H25","Lich King"
wishlist,"Dark Rising",Sithantilus,Skippitypaps,"Death Knight",0,,,3,"Polar Bear Claw Bracers",50659,0,,,,,,,,,"2023-10-10 13:44:08","2023-10-10 13:44:08","Icecrown Citadel H25",Gunship
wishlist,"Dark Rising",Sithantilus,Skippitypaps,"Death Knight",0,,,4,"Coldwraith Links",50620,0,,,,,,,,,"2023-10-10 13:44:08","2023-10-10 13:44:08","Icecrown Citadel H25",Valithria
wishlist,"Dark Rising",Sithantilus,Skippitypaps,"Death Knight",0,,,5,"Legplates of Aetheric Strife",51817,0,,,,,,,,,"2023-10-10 13:44:08","2023-10-10 13:44:08","Icecrown Citadel H10",Sindragosa
wishlist,"Dark Rising",Sithantilus,Skippitypaps,"Death Knight",0,,,6,"Blood-Soaked Saronite Stompers",50639,0,,,,,,,,,"2023-10-10 13:44:08","2023-10-10 13:44:08","Icecrown Citadel H25",Deathwhisper
wishlist,"Dark Rising",Sithantilus,Skippitypaps,"Death Knight",0,,,7,"Lana'thel's Chain of Flagellation",50728,0,,,,,,,,,"2023-10-10 13:44:08","2023-10-10 13:44:08","Icecrown Citadel H25",Lana'thel
wishlist,"Dark Rising",Sithantilus,Skippitypaps,"Death Knight",0,,,8,"Ashen Band of Endless Might",52572,0,,,,,,,,,"2023-10-10 13:44:08","2023-10-10 13:44:08",,
wishlist,"Dark Rising",Sithantilus,Skippitypaps,"Death Knight",0,,,9,"Might of Blight",50693,0,,,,,,,,,"2023-10-10 13:44:08","2023-10-10 13:44:08","Icecrown Citadel H25",Festergut
wishlist,"Dark Rising",Sithantilus,Skippitypaps,"Death Knight",0,,,10,"Deathbringer's Will",50363,0,,,,,,,,,"2023-10-10 13:44:08","2023-10-10 13:44:08","Icecrown Citadel H25",Saurfang
wishlist,"Dark Rising",Sithantilus,Skippitypaps,"Death Knight",0,,,11,"Havoc's Call, Blade of Lordaeron Kings",50012,0,,,,,,,,,"2023-10-10 13:44:08","2023-10-10 13:44:08","Icecrown Citadel N25","Lich King"
wishlist,"Dark Rising",Sithantilus,Skippitypaps,"Death Knight",0,,,12,"Havoc's Call, Blade of Lordaeron Kings",50737,0,,,,,,,,,"2023-10-10 13:44:08","2023-10-10 13:44:08","Icecrown Citadel H25","Lich King"
wishlist,"Dark Rising",Socko,Sõçkö,Rogue,0,,,1,"Sanctified Shadowblade Helmet",51252,0,,,,,,,,,"2023-10-08 03:52:59","2023-10-08 03:52:59",,
wishlist,"Dark Rising",Socko,Sõçkö,Rogue,0,,,2,"Sindragosa's Cruel Claw",50633,0,,,,,,,,,"2023-10-08 03:52:59","2023-10-08 03:52:59","Icecrown Citadel H25",Sindragosa
wishlist,"Dark Rising",Socko,Sõçkö,Rogue,0,,,3,"Sanctified Shadowblade Pauldrons",51254,0,,,,,,,,,"2023-10-08 03:52:59","2023-10-08 03:52:59",,
wishlist,"Dark Rising",Socko,Sõçkö,Rogue,0,,,4,"Shadowvault Slayer's Cloak",50653,0,,,,,,,,,"2023-10-08 03:52:59","2023-10-08 03:52:59","Icecrown Citadel H25",Gunship
wishlist,"Dark Rising",Socko,Sõçkö,Rogue,0,,,5,"Ikfirus's Sack of Wonder",50656,0,,,,,,,,,"2023-10-08 03:52:59","2023-10-08 03:52:59","Icecrown Citadel H25",Gunship
wishlist,"Dark Rising",Socko,Sõçkö,Rogue,0,,,6,"Toskk's Maximized Wristguards",50670,0,,,,,,,,,"2023-10-08 03:52:59","2023-10-08 03:52:59","Icecrown Citadel H25",Saurfang
wishlist,"Dark Rising",Socko,Sõçkö,Rogue,0,,,7,Lungbreaker,50621,0,,,,,,,,,"2023-10-08 03:52:59","2023-10-08 03:52:59","Icecrown Citadel H25",Valithria
wishlist,"Dark Rising",Socko,Sõçkö,Rogue,0,,,8,"Heaven's Fall, Kryss of a Thousand Lies",50736,0,,,,,,,,,"2023-10-08 03:52:59","2023-10-08 03:52:59","Icecrown Citadel H25","Lich King"
wishlist,"Dark Rising",Socko,Sõçkö,Rogue,0,,,9,"Sanctified Shadowblade Gauntlets",51251,0,,,,,,,,,"2023-10-08 03:52:59","2023-10-08 03:52:59",,
wishlist,"Dark Rising",Socko,Sõçkö,Rogue,0,,,10,"Astrylian's Sutured Cinch",50707,0,,,,,,,,,"2023-10-08 03:52:59","2023-10-08 03:52:59","Icecrown Citadel H25",Putricide
wishlist,"Dark Rising",Socko,Sõçkö,Rogue,0,,,11,"Sanctified Shadowblade Legplates",51253,0,,,,,,,,,"2023-10-08 03:52:59","2023-10-08 03:52:59",,
wishlist,"Dark Rising",Socko,Sõçkö,Rogue,0,,,12,"Frostbitten Fur Boots",50607,0,,,,,,,,,"2023-10-08 03:52:59","2023-10-08 03:52:59","Icecrown Citadel H25",Marrowgar
wishlist,"Dark Rising",Socko,Sõçkö,Rogue,0,,,13,"Ashen Band of Endless Vengeance",50402,0,,,,,,,,,"2023-10-08 03:52:59","2023-10-08 03:52:59",,
wishlist,"Dark Rising",Socko,Sõçkö,Rogue,0,,,14,"Band of the Bone Colossus",50604,0,,,,,,,,,"2023-10-08 03:52:59","2023-10-08 03:52:59","Icecrown Citadel H25",Marrowgar
wishlist,"Dark Rising",Socko,Sõçkö,Rogue,0,,,15,"Deathbringer's Will",50363,0,,,,,,,,,"2023-10-08 03:52:59","2023-10-08 03:52:59","Icecrown Citadel H25",Saurfang
wishlist,"Dark Rising",Socko,Sõçkö,Rogue,0,,,16,"Tiny Abomination in a Jar",50706,0,,,,,,,,,"2023-10-08 03:52:59","2023-10-08 03:52:59","Icecrown Citadel H25",Putricide
wishlist,"Dark Rising",Socko,Sõçkö,Rogue,0,,,17,"Fal'inrush, Defender of Quel'thalas",50733,0,,,,,,,,,"2023-10-08 03:52:59","2023-10-08 03:52:59","Icecrown Citadel H25","Lich King"
wishlist,"Dark Rising",Tel,Tël,Paladin,0,,,1,"Penumbra Pendant",54581,0,,,,,,,,,"2023-10-08 21:33:10","2023-10-08 21:33:10","Ruby Sanctum H25",Halion
wishlist,"Dark Rising",Tel,Tël,Paladin,0,,,2,"Sanctified Lightsworn Helmet",51277,0,,,,,,,,,"2023-10-08 21:33:10","2023-10-08 21:33:10",,
wishlist,"Dark Rising",Tel,Tël,Paladin,0,,,3,"Sanctified Lightsworn Shoulderplates",51279,0,,,,,,,,,"2023-10-08 21:33:10","2023-10-08 21:33:10",,
wishlist,"Dark Rising",Tel,Tël,Paladin,0,,,4,"Winding Sheet",50677,0,,,,,,,,,"2023-10-08 21:33:10","2023-10-08 21:33:10","Icecrown Citadel H25",Rotface
wishlist,"Dark Rising",Tel,Tël,Paladin,0,,,5,"Polar Bear Claw Bracers",50659,0,,,,,,,,,"2023-10-08 21:33:10","2023-10-08 21:33:10","Icecrown Citadel H25",Gunship
wishlist,"Dark Rising",Tel,Tël,Paladin,0,,,6,"Sanctified Lightsworn Battleplate",51275,0,,,,,,,,,"2023-10-08 21:33:10","2023-10-08 21:33:10",,
wishlist,"Dark Rising",Tel,Tël,Paladin,0,,,7,"Fleshrending Gauntlets",50690,0,,,,,,,,,"2023-10-08 21:33:10","2023-10-08 21:33:10","Icecrown Citadel H25",Festergut
wishlist,"Dark Rising",Tel,Tël,Paladin,0,,,8,"Coldwraith Links",50620,0,,,,,,,,,"2023-10-08 21:33:10","2023-10-08 21:33:10","Icecrown Citadel H25",Valithria
wishlist,"Dark Rising",Tel,Tël,Paladin,0,,,9,"Sanctified Lightsworn Legplates",51278,0,,,,,,,,,"2023-10-08 21:33:10","2023-10-08 21:33:10",,
wishlist,"Dark Rising",Tel,Tël,Paladin,0,,,10,"Blood-Soaked Saronite Stompers",50639,0,,,,,,,,,"2023-10-08 21:33:10","2023-10-08 21:33:10","Icecrown Citadel H25",Deathwhisper
wishlist,"Dark Rising",Tel,Tël,Paladin,0,,,11,"Ashen Band of Endless Vengeance",50402,0,,,,,,,,,"2023-10-08 21:33:10","2023-10-08 21:33:10",,
wishlist,"Dark Rising",Tel,Tël,Paladin,0,,,12,"Skeleton Lord's Circle",50657,0,,,,,,,,,"2023-10-08 21:33:10","2023-10-08 21:33:10","Icecrown Citadel H25",Gunship
wishlist,"Dark Rising",Tel,Tël,Paladin,0,,,13,"Tiny Abomination in a Jar",50706,0,,,,,,,,,"2023-10-08 21:33:10","2023-10-08 21:33:10","Icecrown Citadel H25",Putricide
wishlist,"Dark Rising",Tel,Tël,Paladin,0,,,14,"Death's Verdict",47131,0,,,,,,,,,"2023-10-08 21:33:10","2023-10-08 21:33:10","Trial of the Crusader H25",Val'kyr
wishlist,"Dark Rising",Tel,Tël,Paladin,0,,,15,"Whispering Fanged Skull",50343,0,"only if we discontinue ToGC",,,,,,,,"2023-10-08 21:33:10","2023-10-08 21:33:10","Icecrown Citadel H10",Deathwhisper
wishlist,"Dark Rising",Tel,Tël,Paladin,0,,,16,"Glorenzelg, High-Blade of the Silver Hand",50730,0,"secondary option",,,,,,,,"2023-10-08 21:33:10","2023-10-08 21:33:10","Icecrown Citadel H25","Lich King"
wishlist,"Dark Rising",Tel,Tël,Paladin,0,,,17,Shadowmourne,49623,0,,,,,,,,,"2023-10-08 21:33:10","2023-10-08 21:33:10",,
wishlist,"Dark Rising",Vanaran,Vanaran,Druid,0,,,1,"Sanctified Lasherweave Headguard",51296,0,,,,,,,,,"2023-10-08 14:47:36","2023-10-08 14:47:36",,
wishlist,"Dark Rising",Vanaran,Vanaran,Druid,0,,,2,"Sindragosa's Cruel Claw",50633,0,,,,,,,,,"2023-10-08 14:47:36","2023-10-08 14:47:36","Icecrown Citadel H25",Sindragosa
wishlist,"Dark Rising",Vanaran,Vanaran,Druid,0,,,3,"Sanctified Lasherweave Shoulderpads",51299,0,,,,,,,,,"2023-10-08 14:47:36","2023-10-08 14:47:36",,
wishlist,"Dark Rising",Vanaran,Vanaran,Druid,0,,,4,"Sanctified Lasherweave Raiment",51298,0,,,,,,,,,"2023-10-08 14:47:36","2023-10-08 14:47:36",,
wishlist,"Dark Rising",Vanaran,Vanaran,Druid,0,,,5,"Astrylian's Sutured Cinch",50707,0,,,,,,,,,"2023-10-08 14:47:36","2023-10-08 14:47:36","Icecrown Citadel H25",Putricide
wishlist,"Dark Rising",Vanaran,Vanaran,Druid,0,,,6,"Sanctified Lasherweave Legguards",51297,0,,,,,,,,,"2023-10-08 14:47:36","2023-10-08 14:47:36",,
wishlist,"Dark Rising",Vanaran,Vanaran,Druid,0,,,7,"Frostbitten Fur Boots",50607,0,,,,,,,,,"2023-10-08 14:47:36","2023-10-08 14:47:36","Icecrown Citadel H25",Marrowgar
wishlist,"Dark Rising",Vanaran,Vanaran,Druid,0,,,8,"Toskk's Maximized Wristguards",50670,0,,,,,,,,,"2023-10-08 14:47:36","2023-10-08 14:47:36","Icecrown Citadel H25",Saurfang
wishlist,"Dark Rising",Vanaran,Vanaran,Druid,0,,,9,"Aldriana's Gloves of Secrecy",50675,0,,,,,,,,,"2023-10-08 14:47:36","2023-10-08 14:47:36","Icecrown Citadel H25",Rotface
wishlist,"Dark Rising",Vanaran,Vanaran,Druid,0,,,10,"Frostbrood Sapphire Ring",50618,0,,,,,,,,,"2023-10-08 14:47:36","2023-10-08 14:47:36","Icecrown Citadel H25",Valithria
wishlist,"Dark Rising",Vanaran,Vanaran,Druid,0,,,11,"Ashen Band of Endless Vengeance",50402,0,,,,,,,,,"2023-10-08 14:47:36","2023-10-08 14:47:36",,
wishlist,"Dark Rising",Vanaran,Vanaran,Druid,0,,,12,"Deathbringer's Will",50363,0,,,,,,,,,"2023-10-08 14:47:36","2023-10-08 14:47:36","Icecrown Citadel H25",Saurfang
wishlist,"Dark Rising",Vanaran,Vanaran,Druid,0,,,13,"Whispering Fanged Skull",50343,0,,,,,,,,,"2023-10-08 14:47:36","2023-10-08 14:47:36","Icecrown Citadel H10",Deathwhisper
wishlist,"Dark Rising",Vanaran,Vanaran,Druid,0,,,14,"Vereesa's Dexterity",47545,0,,,,,,,,,"2023-10-08 14:47:36","2023-10-08 14:47:36","Trial of the Crusader H25",Anub'arak
wishlist,"Dark Rising",Vanaran,Vanaran,Druid,0,,,15,"Oathbinder, Charge of the Ranger-General",50735,0,,,,,,,,,"2023-10-08 14:47:36","2023-10-08 14:47:36","Icecrown Citadel H25","Lich King"
wishlist,"Dark Rising",Vanaran,Vanaran,Druid,0,,,16,"Idol of Mutilation",47668,0,,,,,,,,,"2023-10-08 14:47:36","2023-10-08 14:47:36",,
wishlist,"Dark Rising",Atrimis,Vanthulhu,Priest,0,,,1,"Sanctified Crimson Acolyte Cowl",51255,0,,,,,,,,,"2023-09-30 05:04:17","2023-09-30 05:04:17",,
wishlist,"Dark Rising",Atrimis,Vanthulhu,Priest,0,,,2,"Blood Queen's Crimson Choker",50724,0,,,,,,,,,"2023-09-30 05:04:17","2023-09-30 05:04:17","Icecrown Citadel H25",Lana'thel
wishlist,"Dark Rising",Atrimis,Vanthulhu,Priest,0,,,3,"Sanctified Crimson Acolyte Mantle",51257,0,,,,,,,,,"2023-09-30 05:04:17","2023-09-30 05:04:17",,
wishlist,"Dark Rising",Atrimis,Vanthulhu,Priest,0,,,4,"Sanctified Crimson Acolyte Raiments",51259,0,,,,,,,,,"2023-09-30 05:04:17","2023-09-30 05:04:17",,
wishlist,"Dark Rising",Atrimis,Vanthulhu,Priest,0,,,5,"Crushing Coldwraith Belt",50613,0,,,,,,,,,"2023-09-30 05:04:17","2023-09-30 05:04:17","Icecrown Citadel H25",Marrowgar
wishlist,"Dark Rising",Atrimis,Vanthulhu,Priest,0,,,6,"Plaguebringer's Stained Pants",50694,0,,,,,,,,,"2023-09-30 05:04:17","2023-09-30 05:04:17","Icecrown Citadel H25",Festergut
wishlist,"Dark Rising",Atrimis,Vanthulhu,Priest,0,,,7,"Plague Scientist's Boots",50699,0,,,,,,,,,"2023-09-30 05:04:17","2023-09-30 05:04:17","Icecrown Citadel H25",Festergut
wishlist,"Dark Rising",Atrimis,Vanthulhu,Priest,0,,,8,"The Lady's Brittle Bracers",50651,0,,,,,,,,,"2023-09-30 05:04:17","2023-09-30 05:04:17","Icecrown Citadel H25",Deathwhisper
wishlist,"Dark Rising",Atrimis,Vanthulhu,Priest,0,,,9,"Sanctified Crimson Acolyte Handwraps",51256,0,,,,,,,,,"2023-09-30 05:04:17","2023-09-30 05:04:17",,
wishlist,"Dark Rising",Atrimis,Vanthulhu,Priest,0,,,10,"Ashen Band of Endless Destruction",50398,0,,,,,,,,,"2023-09-30 05:04:17","2023-09-30 05:04:17",,
wishlist,"Dark Rising",Atrimis,Vanthulhu,Priest,0,,,11,"Ring of Rapid Ascent",50664,0,,,,,,,,,"2023-09-30 05:04:17","2023-09-30 05:04:17","Icecrown Citadel H25",Gunship
wishlist,"Dark Rising",Atrimis,Vanthulhu,Priest,0,,,12,"Phylactery of the Nameless Lich",50365,0,,,,,,,,,"2023-09-30 05:04:17","2023-09-30 05:04:17","Icecrown Citadel H25",Sindragosa
wishlist,"Dark Rising",Atrimis,Vanthulhu,Priest,0,,,13,"Dislodged Foreign Object",50348,0,,,,,,,,,"2023-09-30 05:04:17","2023-09-30 05:04:17","Icecrown Citadel H25",Rotface
wishlist,"Dark Rising",Atrimis,Vanthulhu,Priest,0,,,14,"Frostbinder's Shredded Cape",50628,0,,,,,,,,,"2023-09-30 05:04:17","2023-09-30 05:04:17","Icecrown Citadel H25",Valithria
wishlist,"Dark Rising",Atrimis,Vanthulhu,Priest,0,,,15,"Royal Scepter of Terenas II",50734,0,,,,,,,,,"2023-09-30 05:04:17","2023-09-30 05:04:17","Icecrown Citadel H25","Lich King"
wishlist,"Dark Rising",Atrimis,Vanthulhu,Priest,0,,,16,"Shadow Silk Spindle",50719,0,,,,,,,,,"2023-09-30 05:04:17","2023-09-30 05:04:17","Icecrown Citadel H25",Council
wishlist,"Dark Rising",Atrimis,Vanthulhu,Priest,0,,,17,"Corpse-Impaling Spike",50684,0,,,,,,,,,"2023-09-30 05:04:17","2023-09-30 05:04:17","Icecrown Citadel H25",Rotface
wishlist,"Dark Rising",Ben.,Xtargaryen,"Death Knight",0,,,1,"Deathbringer's Will",50362,0,,,,,,,,,"2023-10-09 03:44:54","2023-10-09 21:02:14","Icecrown Citadel N25",Saurfang
wishlist,"Dark Rising",Ben.,Xtargaryen,"Death Knight",0,,,2,"Deathbringer's Will",50363,0,,,,,,,,,"2023-10-09 03:34:42","2023-10-09 21:02:14","Icecrown Citadel H25",Saurfang
wishlist,"Dark Rising",Ben.,Xtargaryen,"Death Knight",0,,,3,"Vanquisher's Mark of Sanctification",52028,0,,,,,,,,,"2023-10-09 18:20:52","2023-10-09 21:02:14","Icecrown Citadel H25",Saurfang
wishlist,"Dark Rising",Ben.,Xtargaryen,"Death Knight",0,,,3,"Vanquisher's Mark of Sanctification",52028,0,,,,,,,,,"2023-10-09 18:20:52","2023-10-09 21:02:14","Icecrown Citadel H25",Putricide
wishlist,"Dark Rising",Ben.,Xtargaryen,"Death Knight",0,,,3,"Vanquisher's Mark of Sanctification",52028,0,,,,,,,,,"2023-10-09 18:20:52","2023-10-09 21:02:14","Icecrown Citadel H25",Lana'thel
wishlist,"Dark Rising",Ben.,Xtargaryen,"Death Knight",0,,,3,"Vanquisher's Mark of Sanctification",52028,0,,,,,,,,,"2023-10-09 18:20:52","2023-10-09 21:02:14","Icecrown Citadel H25",Sindragosa
wishlist,"Dark Rising",Ben.,Xtargaryen,"Death Knight",0,,,3,"Vanquisher's Mark of Sanctification",52028,0,,,,,,,,,"2023-10-09 18:20:52","2023-10-09 21:02:14","Icecrown Citadel H25","Lich King"
wishlist,"Dark Rising",Ben.,Xtargaryen,"Death Knight",0,,,4,"Vanquisher's Mark of Sanctification",52028,0,,,,,,,,,"2023-10-09 18:20:52","2023-10-09 21:02:14","Icecrown Citadel H25",Saurfang
wishlist,"Dark Rising",Ben.,Xtargaryen,"Death Knight",0,,,4,"Vanquisher's Mark of Sanctification",52028,0,,,,,,,,,"2023-10-09 18:20:52","2023-10-09 21:02:14","Icecrown Citadel H25",Putricide
wishlist,"Dark Rising",Ben.,Xtargaryen,"Death Knight",0,,,4,"Vanquisher's Mark of Sanctification",52028,0,,,,,,,,,"2023-10-09 18:20:52","2023-10-09 21:02:14","Icecrown Citadel H25",Lana'thel
wishlist,"Dark Rising",Ben.,Xtargaryen,"Death Knight",0,,,4,"Vanquisher's Mark of Sanctification",52028,0,,,,,,,,,"2023-10-09 18:20:52","2023-10-09 21:02:14","Icecrown Citadel H25",Sindragosa
wishlist,"Dark Rising",Ben.,Xtargaryen,"Death Knight",0,,,4,"Vanquisher's Mark of Sanctification",52028,0,,,,,,,,,"2023-10-09 18:20:52","2023-10-09 21:02:14","Icecrown Citadel H25","Lich King"
wishlist,"Dark Rising",Ben.,Xtargaryen,"Death Knight",0,,,5,"Vanquisher's Mark of Sanctification",52028,0,,,,,,,,,"2023-10-09 18:20:52","2023-10-09 21:02:14","Icecrown Citadel H25",Saurfang
wishlist,"Dark Rising",Ben.,Xtargaryen,"Death Knight",0,,,5,"Vanquisher's Mark of Sanctification",52028,0,,,,,,,,,"2023-10-09 18:20:52","2023-10-09 21:02:14","Icecrown Citadel H25",Putricide
wishlist,"Dark Rising",Ben.,Xtargaryen,"Death Knight",0,,,5,"Vanquisher's Mark of Sanctification",52028,0,,,,,,,,,"2023-10-09 18:20:52","2023-10-09 21:02:14","Icecrown Citadel H25",Lana'thel
wishlist,"Dark Rising",Ben.,Xtargaryen,"Death Knight",0,,,5,"Vanquisher's Mark of Sanctification",52028,0,,,,,,,,,"2023-10-09 18:20:52","2023-10-09 21:02:14","Icecrown Citadel H25",Sindragosa
wishlist,"Dark Rising",Ben.,Xtargaryen,"Death Knight",0,,,5,"Vanquisher's Mark of Sanctification",52028,0,,,,,,,,,"2023-10-09 18:20:52","2023-10-09 21:02:14","Icecrown Citadel H25","Lich King"
wishlist,"Dark Rising",Ben.,Xtargaryen,"Death Knight",0,,,6,"Scourge Reaver's Legplates",50624,0,,,,,,,,,"2023-10-09 18:20:52","2023-10-09 21:02:14","Icecrown Citadel H25",Valithria
wishlist,"Dark Rising",Ben.,Xtargaryen,"Death Knight",0,,,7,"Ahn'kahar Onyx Neckguard",50647,0,,,,,,,,,"2023-10-09 18:20:52","2023-10-09 21:02:14","Icecrown Citadel H25",Deathwhisper
wishlist,"Dark Rising",Ben.,Xtargaryen,"Death Knight",0,,,8,"Polar Bear Claw Bracers",50659,0,,,,,,,,,"2023-10-09 18:20:52","2023-10-09 21:02:14","Icecrown Citadel H25",Gunship
wishlist,"Dark Rising",Ben.,Xtargaryen,"Death Knight",0,,,9,Gutbuster,51893,0,,,,,,,,,"2023-10-09 18:20:52","2023-10-09 21:02:14","Icecrown Citadel H10",Festergut
wishlist,"Dark Rising",Ben.,Xtargaryen,"Death Knight",0,,,10,"Coldwraith Links",50620,0,,,,,,,,,"2023-10-09 18:20:52","2023-10-09 21:02:14","Icecrown Citadel H25",Valithria
wishlist,"Dark Rising",Ben.,Xtargaryen,"Death Knight",0,,,11,"Bloodvenom Blade",50672,0,,,,,,,,,"2023-10-09 18:20:52","2023-10-09 21:02:14","Icecrown Citadel H25",Saurfang
wishlist,"Dark Rising",Ben.,Xtargaryen,"Death Knight",0,,,12,"Havoc's Call, Blade of Lordaeron Kings",50012,0,,,,,,,,,"2023-10-09 03:44:54","2023-10-09 21:02:14","Icecrown Citadel N25","Lich King"
wishlist,"Dark Rising",Ben.,Xtargaryen,"Death Knight",0,,,13,"Havoc's Call, Blade of Lordaeron Kings",50737,0,,,,,,,,,"2023-10-09 03:44:54","2023-10-09 21:02:14","Icecrown Citadel H25","Lich King"
wishlist,"Dark Rising",Ben.,Xtargaryen,"Death Knight",0,,,14,"Havoc's Call, Blade of Lordaeron Kings",50012,0,,,,,,,,,"2023-10-09 18:20:52","2023-10-09 21:02:14","Icecrown Citadel N25","Lich King"
wishlist,"Dark Rising",Ben.,Xtargaryen,"Death Knight",0,,,15,"Coldwraith Links",50187,0,,,,,,,,,"2023-10-09 03:44:54","2023-10-09 21:02:14","Icecrown Citadel N25",Valithria
wishlist,"Dark Rising",Ben.,Xtargaryen,"Death Knight",0,,,16,"Skeleton Lord's Circle",50657,0,,,,,,,,,"2023-10-09 18:20:52","2023-10-09 21:02:14","Icecrown Citadel H25",Gunship
wishlist,"Dark Rising",Ben.,Xtargaryen,"Death Knight",0,,,17,"Winding Sheet",50677,0,,,,,,,,,"2023-10-09 18:20:52","2023-10-09 21:02:14","Icecrown Citadel H25",Rotface
wishlist,"Dark Rising",Ben.,Xtargaryen,"Death Knight",0,,,18,"Winding Sheet",50019,0,,,,,,,,,"2023-10-09 03:44:54","2023-10-09 21:02:14","Icecrown Citadel N25",Rotface
wishlist,"Dark Rising",Ben.,Xtargaryen,"Death Knight",0,,,19,"Ahn'kahar Onyx Neckguard",49989,0,,,,,,,,,"2023-10-09 03:44:54","2023-10-09 21:02:14","Icecrown Citadel N25",Deathwhisper
wishlist,"Dark Rising",Ben.,Xtargaryen,"Death Knight",0,,,20,Shadowmourne,49623,0,"Happy to not receive any wep/loot for Shadowmourn & Know how to do all the Prequest, Mechanics for all infusion & have tank set for Sindy.",,,,,,,,"2023-10-09 03:34:02","2023-10-09 21:02:14",,
